/Users/temiagunloye/Desktop/carguy-app/scripts/blender/render_from_json.py:47: DeprecationWarning: 'World.use_nodes' is expected to be removed in Blender 6.0
  world.use_nodes = True
/Users/temiagunloye/Desktop/carguy-app/scripts/blender/render_from_json.py:97: DeprecationWarning: 'Material.use_nodes' is expected to be removed in Blender 6.0
  mat.use_nodes = True
================================================================================
BLENDER GOLD STANDARD STUDIO RIG (JSON-SPEC)
================================================================================
Spec: render_specs/gt3_stock_guards_red.json
================================================================================
Build ID: gt3_stock_guards_red
GLB: source_models/base_glb/porsche_gt3_2022.glb
Paint: guards_red
Engine: CYCLES
================================================================================

[1/5] Setting up studio rig...
✓ Gemini premium dark gradient background
✓ Gemini premium curved cyclorama created
✓ Gemini premium 4-point studio lighting (4 lights)
✓ Camera created (lens: 85mm)

[2/5] Importing car model...
Importing GLB: source_models/base_glb/porsche_gt3_2022.glb
13:33:12 | INFO: Data are loaded, start creating Blender stuff
13:33:12 | INFO: Blender create Mesh node Grille3_Geo_lodA_Porsche_911GT3TouringRewardRecycled_2022Grille3A_Material_0
13:33:12 | INFO: Blender create Mesh node Grille4_Geo_lodA_Porsche_911GT3TouringRewardRecycled_2022Grille4A_Material_0
13:33:12 | INFO: Blender create Mesh node Grille5_Geo_lodA_Porsche_911GT3TouringRewardRecycled_2022Grille5A_Material_0
13:33:12 | INFO: Blender create Mesh node Kit1_Badge_Geo_lodA_Porsche_911GT3TouringRewardRecycled_2022BadgeB_Material_0
13:33:12 | INFO: Blender create Mesh node Kit1_Base_Geo_lodA_Porsche_911GT3TouringRewardRecycled_2022Base_Material_0
13:33:12 | INFO: Blender create Mesh node Kit1_Carbon1_Geo_lodA_Porsche_911GT3TouringRewardRecycled_2022Carbon1_Material_0
13:33:12 | INFO: Blender create Mesh node Kit1_Coloured_Geo_lodA_Porsche_911GT3TouringRewardRecycled_2022Coloured_Material_0
13:33:12 | INFO: Blender create Mesh node Kit1_Grille1_Geo_lodA_Porsche_911GT3TouringRewardRecycled_2022Grille1A_Material_0
13:33:12 | INFO: Blender create Mesh node Kit1_Grille2_Geo_lodA_Porsche_911GT3TouringRewardRecycled_2022Grille2A_Material_0
13:33:12 | INFO: Blender create Mesh node Kit1_Grille8_Geo_lodA_Porsche_911GT3TouringRewardRecycled_2022Grille8A_Material_0
13:33:12 | INFO: Blender create Mesh node Kit1_InteriorTilling_Geo_lodA_Porsche_911GT3TouringRewardRecycled_2022InteriorTillingB_Material_0
13:33:12 | INFO: Blender create Mesh node Kit1_Light_Geo_lodA_Porsche_911GT3TouringRewardRecycled_2022LightA_Material_0
13:33:12 | INFO: Blender create Mesh node Kit1_WindowInside_Geo_lodA_Porsche_911GT3TouringRewardRecycled_2022Window_Material_0
13:33:12 | INFO: Blender create Mesh node Kit1_Window_Geo_lodA_RED_GLASS_0
13:33:12 | INFO: Blender create Mesh node Kit1_Window_Geo_lodA_Porsche_911GT3TouringRewardRecycled_2022Window_Material_0
13:33:12 | INFO: Blender create Mesh node LicensePlate_Geo_lodA_Porsche_911GT3TouringRewardRecycled_2022LicensePlateDefaultA_Material_0
13:33:12 | INFO: Blender create Mesh node ManufacturerPlate_Geo_lodA_Porsche_911GT3TouringRewardRecycled_2022ManufacturerPlateA_Material_0
13:33:12 | INFO: Blender create Mesh node SeatBelt_Geo_lodA_Porsche_911GT3TouringRewardRecycled_2022Coloured_Material_0
13:33:12 | INFO: Blender create Mesh node bod_1:Kit1_Interior_Geo_lodABody_lodA_Porsche_911GT3TouringRewardRecycled_2022InteriorB_Material_0
13:33:12 | INFO: Blender create Mesh node bod_2:Kit1_Paint_Geo_lodABody_lodA_Porsche_911GT3TouringRewardRecycled_2022Paint_Material_0
13:33:12 | INFO: Blender create Mesh node polySurface1_Porsche_911GT3TouringRewardRecycled_2022_Wheel1A_3D_3DWheel2C_Material_0
13:33:12 | INFO: Blender create Mesh node polySurface2_Porsche_911GT3TouringRewardRecycled_2022_Wheel1A_3D_3DWheel2C_Material_0
13:33:12 | INFO: Blender create Mesh node polySurface3_Porsche_911GT3TouringRewardRecycled_2022_Wheel1A_3D_3DWheel2C_Material_0
13:33:12 | INFO: Blender create Mesh node polySurface4_Porsche_911GT3TouringRewardRecycled_2022_Wheel1A_3D_3DWheel2C_Material_0
13:33:12 | INFO: Blender create Mesh node polySurface5_Porsche_911GT3TouringRewardRecycled_2022_Wheel1A_3D_3DWheel2C_Material_0
13:33:12 | INFO: Blender create Mesh node polySurface6_Porsche_911GT3TouringRewardRecycled_2022_Wheel1A_3D_3DWheel2C_Material_0
13:33:12 | INFO: Blender create Mesh node polySurface7_Porsche_911GT3TouringRewardRecycled_2022_Wheel1A_3D_3DWheel2C_Material_0
13:33:12 | INFO: Blender create Mesh node polySurface8_Porsche_911GT3TouringRewardRecycled_2022_Wheel1A_3D_3DWheel2C_Material_0
13:33:12 | INFO: Blender create Mesh node polySurface9_Porsche_911GT3TouringRewardRecycled_2022_Wheel1A_3D_3DWheel2C_Material_0
13:33:12 | INFO: Blender create Mesh node polySurface10_Porsche_911GT3TouringRewardRecycled_2022_Wheel1A_3D_3DWheel2C_Material_0
13:33:12 | INFO: Blender create Mesh node polySurface11_Porsche_911GT3TouringRewardRecycled_2022_Wheel1A_3D_3DWheel2C_Material_0
13:33:12 | INFO: Blender create Mesh node polySurface12_Porsche_911GT3TouringRewardRecycled_2022_Wheel1A_3D_3DWheel2C_Material_0
13:33:12 | INFO: Blender create Mesh node polySurface13_Porsche_911GT3TouringRewardRecycled_2022_Wheel1A_3D_3DWheel2C_Material_0
13:33:12 | INFO: Blender create Mesh node polySurface14_Porsche_911GT3TouringRewardRecycled_2022_Wheel1A_3D_3DWheel2C_Material_0
13:33:12 | INFO: Blender create Mesh node polySurface15_Porsche_911GT3TouringRewardRecycled_2022_Wheel1A_3D_3DWheel2C_Material_0
13:33:12 | INFO: Blender create Mesh node polySurface16_Porsche_911GT3TouringRewardRecycled_2022_Wheel1A_3D_3DWheel2C_Material_0
13:33:12 | INFO: Blender create Mesh node polySurface17_Porsche_911GT3TouringRewardRecycled_2022_Wheel1A_3D_3DWheel2C_Material_0
13:33:12 | INFO: Blender create Mesh node polySurface18_Porsche_911GT3TouringRewardRecycled_2022_Wheel1A_3D_3DWheel2C_Material_0
13:33:12 | INFO: Blender create Mesh node polySurface19_Porsche_911GT3TouringRewardRecycled_2022_Wheel1A_3D_3DWheel2C_Material_0
13:33:12 | INFO: Blender create Mesh node polySurface20_Porsche_911GT3TouringRewardRecycled_2022_Wheel1A_3D_3DWheel2C_Material_0
13:33:12 | INFO: Blender create Mesh node polySurface21_Porsche_911GT3TouringRewardRecycled_2022_Wheel1A_3D_3DWheel2C_Material_0
13:33:12 | INFO: Blender create Mesh node polySurface22_Porsche_911GT3TouringRewardRecycled_2022_Wheel1A_3D_3DWheel2C_Material_0
13:33:12 | INFO: Blender create Mesh node polySurface23_Porsche_911GT3TouringRewardRecycled_2022_Wheel1A_3D_3DWheel2C_Material_0
13:33:12 | INFO: Blender create Mesh node polySurface24_Porsche_911GT3TouringRewardRecycled_2022_Wheel1A_3D_3DWheel2C_Material_0
13:33:12 | INFO: Blender create Mesh node polySurface25_Porsche_911GT3TouringRewardRecycled_2022_Wheel1A_3D_3DWheel2C_Material_0
13:33:12 | INFO: Blender create Mesh node polySurface26_Porsche_911GT3TouringRewardRecycled_2022_Wheel1A_3D_3DWheel2C_Material_0
13:33:12 | INFO: Blender create Mesh node polySurface27_Porsche_911GT3TouringRewardRecycled_2022_Wheel1A_3D_3DWheel2C_Material_0
13:33:12 | INFO: Blender create Mesh node polySurface28_Porsche_911GT3TouringRewardRecycled_2022_Wheel1A_3D_3DWheel2C_Material_0
13:33:12 | INFO: Blender create Mesh node polySurface29_Porsche_911GT3TouringRewardRecycled_2022_Wheel1A_3D_3DWheel2C_Material_0
13:33:12 | INFO: Blender create Mesh node polySurface30_Porsche_911GT3TouringRewardRecycled_2022_Wheel1A_3D_3DWheel2C_Material_0
13:33:12 | INFO: Blender create Mesh node polySurface31_Porsche_911GT3TouringRewardRecycled_2022_Wheel1A_3D_3DWheel2C_Material_0
13:33:12 | INFO: Blender create Mesh node polySurface32_Porsche_911GT3TouringRewardRecycled_2022_Wheel1A_3D_3DWheel2C_Material_0
13:33:12 | INFO: Blender create Mesh node polySurface33_Porsche_911GT3TouringRewardRecycled_2022_Wheel1A_3D_3DWheel2C_Material_0
13:33:12 | INFO: Blender create Mesh node polySurface34_Porsche_911GT3TouringRewardRecycled_2022_Wheel1A_3D_3DWheel2C_Material_0
13:33:12 | INFO: Blender create Mesh node polySurface35_Porsche_911GT3TouringRewardRecycled_2022_Wheel1A_3D_3DWheel2C_Material_0
13:33:12 | INFO: Blender create Mesh node polySurface36_Porsche_911GT3TouringRewardRecycled_2022_Wheel1A_3D_3DWheel2C_Material_0
13:33:12 | INFO: Blender create Mesh node polySurface37_Porsche_911GT3TouringRewardRecycled_2022_Wheel1A_3D_3DWheel2C_Material_0
13:33:12 | INFO: Blender create Mesh node polySurface38_Porsche_911GT3TouringRewardRecycled_2022_Wheel1A_3D_3DWheel2C_Material_0
13:33:12 | INFO: Blender create Mesh node polySurface39_Porsche_911GT3TouringRewardRecycled_2022_Wheel1A_3D_3DWheel2C_Material_0
13:33:12 | INFO: Blender create Mesh node polySurface40_Porsche_911GT3TouringRewardRecycled_2022_Wheel1A_3D_3DWheel2C_Material_0
13:33:12 | INFO: Blender create Mesh node polySurface41_Porsche_911GT3TouringRewardRecycled_2022_Wheel1A_3D_3DWheel2C_Material_0
13:33:12 | INFO: Blender create Mesh node polySurface42_Porsche_911GT3TouringRewardRecycled_2022_Wheel1A_3D_3DWheel2C_Material_0
13:33:12 | INFO: Blender create Mesh node polySurface43_Porsche_911GT3TouringRewardRecycled_2022_Wheel1A_3D_3DWheel2C_Material_0
13:33:12 | INFO: Blender create Mesh node polySurface44_Porsche_911GT3TouringRewardRecycled_2022_Wheel1A_3D_3DWheel2C_Material_0
13:33:12 | INFO: Blender create Mesh node polySurface45_Porsche_911GT3TouringRewardRecycled_2022_Wheel1A_3D_3DWheel2C_Material_0
13:33:12 | INFO: Blender create Mesh node polySurface46_Porsche_911GT3TouringRewardRecycled_2022_Wheel1A_3D_3DWheel2C_Material_0
13:33:12 | INFO: Blender create Mesh node polySurface47_Porsche_911GT3TouringRewardRecycled_2022_Wheel1A_3D_3DWheel2C_Material_0
13:33:12 | INFO: Blender create Mesh node polySurface48_Porsche_911GT3TouringRewardRecycled_2022_Wheel1A_3D_3DWheel2C_Material_0
13:33:12 | INFO: Blender create Mesh node polySurface49_Porsche_911GT3TouringRewardRecycled_2022_Wheel1A_3D_3DWheel2C_Material_0
13:33:12 | INFO: Blender create Mesh node polySurface50_Porsche_911GT3TouringRewardRecycled_2022_Wheel1A_3D_3DWheel2C_Material_0
13:33:12 | INFO: Blender create Mesh node polySurface51_Porsche_911GT3TouringRewardRecycled_2022_Wheel1A_3D_3DWheel2C_Material_0
13:33:12 | INFO: Blender create Mesh node polySurface52_Porsche_911GT3TouringRewardRecycled_2022_Wheel1A_3D_3DWheel2C_Material_0
13:33:12 | INFO: Blender create Mesh node polySurface53_Porsche_911GT3TouringRewardRecycled_2022_Wheel1A_3D_3DWheel2C_Material_0
13:33:12 | INFO: Blender create Mesh node polySurface54_Porsche_911GT3TouringRewardRecycled_2022_Wheel1A_3D_3DWheel2C_Material_0
13:33:12 | INFO: Blender create Mesh node polySurface55_Porsche_911GT3TouringRewardRecycled_2022_Wheel1A_3D_3DWheel2C_Material_0
13:33:12 | INFO: Blender create Mesh node polySurface56_Porsche_911GT3TouringRewardRecycled_2022_Wheel1A_3D_3DWheel2C_Material_0
13:33:12 | INFO: Blender create Mesh node polySurface57_Porsche_911GT3TouringRewardRecycled_2022_Wheel1A_3D_3DWheel2C_Material_0
13:33:12 | INFO: Blender create Mesh node polySurface58_Porsche_911GT3TouringRewardRecycled_2022_Wheel1A_3D_3DWheel2C_Material_0
13:33:12 | INFO: Blender create Mesh node polySurface59_Porsche_911GT3TouringRewardRecycled_2022_Wheel1A_3D_3DWheel2C_Material_0
13:33:12 | INFO: Blender create Mesh node polySurface60_Porsche_911GT3TouringRewardRecycled_2022_Wheel1A_3D_3DWheel2C_Material_0
13:33:12 | INFO: Blender create Mesh node polySurface61_Porsche_911GT3TouringRewardRecycled_2022_Wheel1A_3D_3DWheel2C_Material_0
13:33:12 | INFO: Blender create Mesh node polySurface62_Porsche_911GT3TouringRewardRecycled_2022_Wheel1A_3D_3DWheel2C_Material_0
13:33:12 | INFO: Blender create Mesh node polySurface63_Porsche_911GT3TouringRewardRecycled_2022_Wheel1A_3D_3DWheel2C_Material_0
13:33:12 | INFO: Blender create Mesh node polySurface64_Porsche_911GT3TouringRewardRecycled_2022_Wheel1A_3D_3DWheel2C_Material_0
13:33:12 | INFO: Blender create Mesh node polySurface65_Porsche_911GT3TouringRewardRecycled_2022_Wheel1A_3D_3DWheel2C_Material_0
13:33:12 | INFO: Blender create Mesh node polySurface66_Porsche_911GT3TouringRewardRecycled_2022_Wheel1A_3D_3DWheel2C_Material_0
13:33:12 | INFO: Blender create Mesh node polySurface67_Porsche_911GT3TouringRewardRecycled_2022_Wheel1A_3D_3DWheel2C_Material_0
13:33:12 | INFO: Blender create Mesh node polySurface68_Porsche_911GT3TouringRewardRecycled_2022_Wheel1A_3D_3DWheel2C_Material_0
13:33:12 | INFO: Blender create Mesh node polySurface69_Porsche_911GT3TouringRewardRecycled_2022_Wheel1A_3D_3DWheel2C_Material_0
13:33:12 | INFO: Blender create Mesh node polySurface70_Porsche_911GT3TouringRewardRecycled_2022_Wheel1A_3D_3DWheel2C_Material_0
13:33:12 | INFO: Blender create Mesh node polySurface71_Porsche_911GT3TouringRewardRecycled_2022_Wheel1A_3D_3DWheel2C_Material_0
13:33:12 | INFO: Blender create Mesh node polySurface72_Porsche_911GT3TouringRewardRecycled_2022_Wheel1A_3D_3DWheel2C_Material_0
13:33:12 | INFO: Blender create Mesh node polySurface73_Porsche_911GT3TouringRewardRecycled_2022_Wheel1A_3D_3DWheel2C_Material_0
13:33:12 | INFO: Blender create Mesh node polySurface74_Porsche_911GT3TouringRewardRecycled_2022_Wheel1A_3D_3DWheel2C_Material_0
13:33:12 | INFO: Blender create Mesh node polySurface75_Porsche_911GT3TouringRewardRecycled_2022_Wheel1A_3D_3DWheel2C_Material_0
13:33:12 | INFO: Blender create Mesh node polySurface76_Porsche_911GT3TouringRewardRecycled_2022_Wheel1A_3D_3DWheel2C_Material_0
13:33:12 | INFO: Blender create Mesh node polySurface77_Porsche_911GT3TouringRewardRecycled_2022_Wheel1A_3D_3DWheel2C_Material_0
13:33:12 | INFO: Blender create Mesh node polySurface78_Porsche_911GT3TouringRewardRecycled_2022_Wheel1A_3D_3DWheel2C_Material_0
13:33:12 | INFO: Blender create Mesh node polySurface79_Porsche_911GT3TouringRewardRecycled_2022_Wheel1A_3D_3DWheel2C_Material_0
13:33:12 | INFO: Blender create Mesh node polySurface80_Porsche_911GT3TouringRewardRecycled_2022_Wheel1A_3D_3DWheel2C_Material_0
13:33:12 | INFO: Blender create Mesh node polySurface81_Porsche_911GT3TouringRewardRecycled_2022_Wheel1A_3D_3DWheel2C_Material_0
13:33:12 | INFO: Blender create Mesh node polySurface82_Porsche_911GT3TouringRewardRecycled_2022_Wheel1A_3D_3DWheel2C_Material_0
13:33:12 | INFO: Blender create Mesh node polySurface83_Porsche_911GT3TouringRewardRecycled_2022_Wheel1A_3D_3DWheel2C_Material_0
13:33:12 | INFO: Blender create Mesh node polySurface84_Porsche_911GT3TouringRewardRecycled_2022_Wheel1A_3D_3DWheel2C_Material_0
13:33:12 | INFO: Blender create Mesh node polySurface85_Porsche_911GT3TouringRewardRecycled_2022_Wheel1A_3D_3DWheel2C_Material_0
13:33:12 | INFO: Blender create Mesh node polySurface86_Porsche_911GT3TouringRewardRecycled_2022_Wheel1A_3D_3DWheel2C_Material_0
13:33:12 | INFO: Blender create Mesh node polySurface87_Porsche_911GT3TouringRewardRecycled_2022_Wheel1A_3D_3DWheel2C_Material_0
13:33:12 | INFO: Blender create Mesh node polySurface88_Porsche_911GT3TouringRewardRecycled_2022_Wheel1A_3D_3DWheel2C_Material_0
13:33:12 | INFO: Blender create Mesh node polySurface89_Porsche_911GT3TouringRewardRecycled_2022_Wheel1A_3D_3DWheel2C_Material_0
13:33:12 | INFO: Blender create Mesh node polySurface90_Porsche_911GT3TouringRewardRecycled_2022_Wheel1A_3D_3DWheel2C_Material_0
13:33:12 | INFO: Blender create Mesh node polySurface91_Porsche_911GT3TouringRewardRecycled_2022_Wheel1A_3D_3DWheel2C_Material_0
13:33:12 | INFO: Blender create Mesh node polySurface92_Porsche_911GT3TouringRewardRecycled_2022_Wheel1A_3D_3DWheel2C_Material_0
13:33:12 | INFO: Blender create Mesh node polySurface93_Porsche_911GT3TouringRewardRecycled_2022_Wheel1A_3D_3DWheel2C_Material_0
13:33:12 | INFO: Blender create Mesh node polySurface94_Porsche_911GT3TouringRewardRecycled_2022_Wheel1A_3D_3DWheel2C_Material_0
13:33:12 | INFO: Blender create Mesh node polySurface95_Porsche_911GT3TouringRewardRecycled_2022_Wheel1A_3D_3DWheel2C_Material_0
13:33:12 | INFO: Blender create Mesh node polySurface96_Porsche_911GT3TouringRewardRecycled_2022_Wheel1A_3D_3DWheel2C_Material_0
13:33:12 | INFO: Blender create Mesh node polySurface97_Porsche_911GT3TouringRewardRecycled_2022_Wheel1A_3D_3DWheel2C_Material_0
13:33:12 | INFO: Blender create Mesh node polySurface98_Porsche_911GT3TouringRewardRecycled_2022_Wheel1A_3D_3DWheel2C_Material_0
13:33:12 | INFO: Blender create Mesh node polySurface99_Porsche_911GT3TouringRewardRecycled_2022_Wheel1A_3D_3DWheel2C_Material_0
13:33:12 | INFO: Blender create Mesh node polySurface100_Porsche_911GT3TouringRewardRecycled_2022_Wheel1A_3D_3DWheel2C_Material_0
13:33:12 | INFO: Blender create Mesh node polySurface101_Porsche_911GT3TouringRewardRecycled_2022_Wheel1A_3D_3DWheel2C_Material_0
13:33:12 | INFO: Blender create Mesh node polySurface102_Porsche_911GT3TouringRewardRecycled_2022_Wheel1A_3D_3DWheel2C_Material_0
13:33:12 | INFO: Blender create Mesh node polySurface103_Porsche_911GT3TouringRewardRecycled_2022_Wheel1A_3D_3DWheel2C_Material_0
13:33:12 | INFO: Blender create Mesh node polySurface104_Porsche_911GT3TouringRewardRecycled_2022_Wheel1A_3D_3DWheel2C_Material_0
13:33:12 | INFO: Blender create Mesh node polySurface105_Porsche_911GT3TouringRewardRecycled_2022_Wheel1A_3D_3DWheel2C_Material_0
13:33:12 | INFO: Blender create Mesh node polySurface106_Porsche_911GT3TouringRewardRecycled_2022_Wheel1A_3D_3DWheel2C_Material_0
13:33:12 | INFO: Blender create Mesh node polySurface107_Porsche_911GT3TouringRewardRecycled_2022_Wheel1A_3D_3DWheel2C_Material_0
13:33:12 | INFO: Blender create Mesh node polySurface108_Porsche_911GT3TouringRewardRecycled_2022_Wheel1A_3D_3DWheel2C_Material_0
13:33:12 | INFO: Blender create Mesh node polySurface109_Porsche_911GT3TouringRewardRecycled_2022_Wheel1A_3D_3DWheel2C_Material_0
13:33:12 | INFO: Blender create Mesh node polySurface110_Porsche_911GT3TouringRewardRecycled_2022_Wheel1A_3D_3DWheel2C_Material_0
13:33:12 | INFO: Blender create Mesh node polySurface111_Porsche_911GT3TouringRewardRecycled_2022_Wheel1A_3D_3DWheel2C_Material_0
13:33:12 | INFO: Blender create Mesh node polySurface112_Porsche_911GT3TouringRewardRecycled_2022_Wheel1A_3D_3DWheel2C_Material_0
13:33:12 | INFO: Blender create Mesh node polySurface113_Porsche_911GT3TouringRewardRecycled_2022_Wheel1A_3D_3DWheel2C_Material_0
13:33:12 | INFO: Blender create Mesh node polySurface114_Porsche_911GT3TouringRewardRecycled_2022_Wheel1A_3D_3DWheel2C_Material_0
13:33:12 | INFO: Blender create Mesh node polySurface115_Porsche_911GT3TouringRewardRecycled_2022_Wheel1A_3D_3DWheel2C_Material_0
13:33:12 | INFO: Blender create Mesh node polySurface116_Porsche_911GT3TouringRewardRecycled_2022_Wheel1A_3D_3DWheel2C_Material_0
13:33:12 | INFO: Blender create Mesh node polySurface117_Porsche_911GT3TouringRewardRecycled_2022_Wheel1A_3D_3DWheel2C_Material_0
13:33:12 | INFO: Blender create Mesh node polySurface118_Porsche_911GT3TouringRewardRecycled_2022_Wheel1A_3D_3DWheel2C_Material_0
13:33:12 | INFO: Blender create Mesh node polySurface119_Porsche_911GT3TouringRewardRecycled_2022_Wheel1A_3D_3DWheel2C_Material_0
13:33:12 | INFO: Blender create Mesh node polySurface120_Porsche_911GT3TouringRewardRecycled_2022_Wheel1A_3D_3DWheel2C_Material_0
13:33:12 | INFO: Blender create Mesh node polySurface121_Porsche_911GT3TouringRewardRecycled_2022_Wheel1A_3D_3DWheel2C_Material_0
13:33:12 | INFO: Blender create Mesh node polySurface122_Porsche_911GT3TouringRewardRecycled_2022_Wheel1A_3D_3DWheel2C_Material_0
13:33:12 | INFO: Blender create Mesh node polySurface123_Porsche_911GT3TouringRewardRecycled_2022_Wheel1A_3D_3DWheel2C_Material_0
13:33:12 | INFO: Blender create Mesh node polySurface124_Porsche_911GT3TouringRewardRecycled_2022_Wheel1A_3D_3DWheel2C_Material_0
13:33:12 | INFO: Blender create Mesh node polySurface125_Porsche_911GT3TouringRewardRecycled_2022_Wheel1A_3D_3DWheel2C_Material_0
13:33:12 | INFO: Blender create Mesh node polySurface126_Porsche_911GT3TouringRewardRecycled_2022_Wheel1A_3D_3DWheel2C_Material_0
13:33:12 | INFO: Blender create Mesh node polySurface127_Porsche_911GT3TouringRewardRecycled_2022_Wheel1A_3D_3DWheel2C_Material_0
13:33:12 | INFO: Blender create Mesh node polySurface128_Porsche_911GT3TouringRewardRecycled_2022_Wheel1A_3D_3DWheel2C_Material_0
13:33:12 | INFO: Blender create Mesh node polySurface129_Porsche_911GT3TouringRewardRecycled_2022_Wheel1A_3D_3DWheel2C_Material_0
13:33:12 | INFO: Blender create Mesh node polySurface130_Porsche_911GT3TouringRewardRecycled_2022_Wheel1A_3D_3DWheel2C_Material_0
13:33:12 | INFO: Blender create Mesh node polySurface131_Porsche_911GT3TouringRewardRecycled_2022_Wheel1A_3D_3DWheel2C_Material_0
13:33:12 | INFO: Blender create Mesh node polySurface132_Porsche_911GT3TouringRewardRecycled_2022_Wheel1A_3D_3DWheel2C_Material_0
13:33:12 | INFO: Blender create Mesh node polySurface133_Porsche_911GT3TouringRewardRecycled_2022_Wheel1A_3D_3DWheel2C_Material_0
13:33:12 | INFO: Blender create Mesh node polySurface134_Porsche_911GT3TouringRewardRecycled_2022_Wheel1A_3D_3DWheel2C_Material_0
13:33:12 | INFO: Blender create Mesh node polySurface135_Porsche_911GT3TouringRewardRecycled_2022_Wheel1A_3D_3DWheel2C_Material_0
13:33:12 | INFO: Blender create Mesh node polySurface136_Porsche_911GT3TouringRewardRecycled_2022_Wheel1A_3D_3DWheel2C_Material_0
13:33:12 | INFO: Blender create Mesh node polySurface137_Porsche_911GT3TouringRewardRecycled_2022_Wheel1A_3D_3DWheel2C_Material_0
13:33:12 | INFO: Blender create Mesh node polySurface138_Porsche_911GT3TouringRewardRecycled_2022_Wheel1A_3D_3DWheel2C_Material_0
13:33:12 | INFO: Blender create Mesh node polySurface139_Porsche_911GT3TouringRewardRecycled_2022_Wheel1A_3D_3DWheel2C_Material_0
13:33:12 | INFO: Blender create Mesh node polySurface140_Porsche_911GT3TouringRewardRecycled_2022_Wheel1A_3D_3DWheel2C_Material_0
13:33:12 | INFO: Blender create Mesh node polySurface141_Porsche_911GT3TouringRewardRecycled_2022_Wheel1A_3D_3DWheel2C_Material_0
13:33:12 | INFO: Blender create Mesh node polySurface142_Porsche_911GT3TouringRewardRecycled_2022_Wheel1A_3D_3DWheel2C_Material_0
13:33:12 | INFO: Blender create Mesh node polySurface143_Porsche_911GT3TouringRewardRecycled_2022_Wheel1A_3D_3DWheel2C_Material_0
13:33:12 | INFO: Blender create Mesh node polySurface144_Porsche_911GT3TouringRewardRecycled_2022_Wheel1A_3D_3DWheel2C_Material_0
13:33:12 | INFO: Blender create Mesh node polySurface145_Porsche_911GT3TouringRewardRecycled_2022_Wheel1A_3D_3DWheel2C_Material_0
13:33:12 | INFO: Blender create Mesh node polySurface146_Porsche_911GT3TouringRewardRecycled_2022_Wheel1A_3D_3DWheel2C_Material_0
13:33:12 | INFO: Blender create Mesh node polySurface147_Porsche_911GT3TouringRewardRecycled_2022_Wheel1A_3D_3DWheel2C_Material_0
13:33:12 | INFO: Blender create Mesh node polySurface148_Porsche_911GT3TouringRewardRecycled_2022_Wheel1A_3D_3DWheel2C_Material_0
13:33:12 | INFO: Blender create Mesh node polySurface149_Porsche_911GT3TouringRewardRecycled_2022_Wheel1A_3D_3DWheel2C_Material_0
13:33:12 | INFO: Blender create Mesh node polySurface150_Porsche_911GT3TouringRewardRecycled_2022_Wheel1A_3D_3DWheel2C_Material_0
13:33:12 | INFO: Blender create Mesh node polySurface151_Porsche_911GT3TouringRewardRecycled_2022_Wheel1A_3D_3DWheel2C_Material_0
13:33:12 | INFO: Blender create Mesh node polySurface152_Porsche_911GT3TouringRewardRecycled_2022_Wheel1A_3D_3DWheel2C_Material_0
13:33:12 | INFO: Blender create Mesh node polySurface153_Porsche_911GT3TouringRewardRecycled_2022_Wheel1A_3D_3DWheel2C_Material_0
13:33:12 | INFO: Blender create Mesh node polySurface154_Porsche_911GT3TouringRewardRecycled_2022_Wheel1A_3D_3DWheel2C_Material_0
13:33:12 | INFO: Blender create Mesh node polySurface155_Porsche_911GT3TouringRewardRecycled_2022_Wheel1A_3D_3DWheel2C_Material_0
13:33:12 | INFO: Blender create Mesh node polySurface156_Porsche_911GT3TouringRewardRecycled_2022_Wheel1A_3D_3DWheel2C_Material_0
13:33:12 | INFO: Blender create Mesh node polySurface157_Porsche_911GT3TouringRewardRecycled_2022_Wheel1A_3D_3DWheel2C_Material_0
13:33:12 | INFO: Blender create Mesh node polySurface158_Porsche_911GT3TouringRewardRecycled_2022_Wheel1A_3D_3DWheel2C_Material_0
13:33:12 | INFO: Blender create Mesh node polySurface159_Porsche_911GT3TouringRewardRecycled_2022_Wheel1A_3D_3DWheel2C_Material_0
13:33:12 | INFO: Blender create Mesh node polySurface160_Porsche_911GT3TouringRewardRecycled_2022_Wheel1A_3D_3DWheel2C_Material_0
13:33:12 | INFO: Blender create Mesh node polySurface161_Porsche_911GT3TouringRewardRecycled_2022_Wheel1A_3D_3DWheel2C_Material_0
13:33:12 | INFO: Blender create Mesh node polySurface162_Porsche_911GT3TouringRewardRecycled_2022_Wheel1A_3D_3DWheel2C_Material_0
13:33:12 | INFO: Blender create Mesh node polySurface163_Porsche_911GT3TouringRewardRecycled_2022_Wheel1A_3D_3DWheel2C_Material_0
13:33:12 | INFO: Blender create Mesh node polySurface164_Porsche_911GT3TouringRewardRecycled_2022_Wheel1A_3D_3DWheel2C_Material_0
13:33:12 | INFO: Blender create Mesh node polySurface165_Porsche_911GT3TouringRewardRecycled_2022_Wheel1A_3D_3DWheel2C_Material_0
13:33:12 | INFO: Blender create Mesh node polySurface166_Porsche_911GT3TouringRewardRecycled_2022_Wheel1A_3D_3DWheel2C_Material_0
13:33:12 | INFO: Blender create Mesh node polySurface167_Porsche_911GT3TouringRewardRecycled_2022_Wheel1A_3D_3DWheel2C_Material_0
13:33:12 | INFO: Blender create Mesh node polySurface168_Porsche_911GT3TouringRewardRecycled_2022_Wheel1A_3D_3DWheel2C_Material_0
13:33:12 | INFO: Blender create Mesh node polySurface169_Porsche_911GT3TouringRewardRecycled_2022_Wheel1A_3D_3DWheel2C_Material_0
13:33:12 | INFO: Blender create Mesh node polySurface170_Porsche_911GT3TouringRewardRecycled_2022_Wheel1A_3D_3DWheel2C_Material_0
13:33:12 | INFO: Blender create Mesh node polySurface171_Porsche_911GT3TouringRewardRecycled_2022_Wheel1A_3D_3DWheel2C_Material_0
13:33:12 | INFO: Blender create Mesh node polySurface172_Porsche_911GT3TouringRewardRecycled_2022_Wheel1A_3D_3DWheel2C_Material_0
13:33:12 | INFO: Blender create Mesh node polySurface173_Porsche_911GT3TouringRewardRecycled_2022_Wheel1A_3D_3DWheel2C_Material_0
13:33:12 | INFO: Blender create Mesh node polySurface174_Porsche_911GT3TouringRewardRecycled_2022_Wheel1A_3D_3DWheel2C_Material_0
13:33:12 | INFO: Blender create Mesh node polySurface175_Porsche_911GT3TouringRewardRecycled_2022_Wheel1A_3D_3DWheel2C_Material_0
13:33:12 | INFO: Blender create Mesh node polySurface176_Porsche_911GT3TouringRewardRecycled_2022_Wheel1A_3D_3DWheel2C_Material_0
13:33:12 | INFO: Blender create Mesh node polySurface177_Porsche_911GT3TouringRewardRecycled_2022_Wheel1A_3D_3DWheel2C_Material_0
13:33:12 | INFO: Blender create Mesh node polySurface178_Porsche_911GT3TouringRewardRecycled_2022_Wheel1A_3D_3DWheel2C_Material_0
13:33:12 | INFO: Blender create Mesh node polySurface179_Porsche_911GT3TouringRewardRecycled_2022_Wheel1A_3D_3DWheel2C_Material_0
13:33:12 | INFO: Blender create Mesh node polySurface180_Porsche_911GT3TouringRewardRecycled_2022_Wheel1A_3D_3DWheel2C_Material_0
13:33:12 | INFO: Blender create Mesh node polySurface181_Porsche_911GT3TouringRewardRecycled_2022_Wheel1A_3D_3DWheel2C_Material_0
13:33:12 | INFO: Blender create Mesh node polySurface182_Porsche_911GT3TouringRewardRecycled_2022_Wheel1A_3D_3DWheel2C_Material_0
13:33:12 | INFO: Blender create Mesh node polySurface183_Porsche_911GT3TouringRewardRecycled_2022_Wheel1A_3D_3DWheel2C_Material_0
13:33:12 | INFO: Blender create Mesh node polySurface184_Porsche_911GT3TouringRewardRecycled_2022_Wheel1A_3D_3DWheel2C_Material_0
13:33:12 | INFO: Blender create Mesh node polySurface185_Porsche_911GT3TouringRewardRecycled_2022_Wheel1A_3D_3DWheel2C_Material_0
13:33:12 | INFO: Blender create Mesh node polySurface186_Porsche_911GT3TouringRewardRecycled_2022_Wheel1A_3D_3DWheel2C_Material_0
13:33:12 | INFO: Blender create Mesh node polySurface187_Porsche_911GT3TouringRewardRecycled_2022_Wheel1A_3D_3DWheel2C_Material_0
13:33:12 | INFO: Blender create Mesh node polySurface188_Porsche_911GT3TouringRewardRecycled_2022_Wheel1A_3D_3DWheel2C_Material_0
13:33:12 | INFO: Blender create Mesh node polySurface189_Porsche_911GT3TouringRewardRecycled_2022_Wheel1A_3D_3DWheel2C_Material_0
13:33:12 | INFO: Blender create Mesh node polySurface190_Porsche_911GT3TouringRewardRecycled_2022_Wheel1A_3D_3DWheel2C_Material_0
13:33:12 | INFO: Blender create Mesh node polySurface191_Porsche_911GT3TouringRewardRecycled_2022_Wheel1A_3D_3DWheel2C_Material_0
13:33:12 | INFO: Blender create Mesh node polySurface192_Porsche_911GT3TouringRewardRecycled_2022_Wheel1A_3D_3DWheel2C_Material_0
13:33:12 | INFO: Blender create Mesh node polySurface193_Porsche_911GT3TouringRewardRecycled_2022_Wheel1A_3D_3DWheel2C_Material_0
13:33:12 | INFO: Blender create Mesh node polySurface194_Porsche_911GT3TouringRewardRecycled_2022_Wheel1A_3D_3DWheel2C_Material_0
13:33:12 | INFO: Blender create Mesh node polySurface195_Porsche_911GT3TouringRewardRecycled_2022_Wheel1A_3D_3DWheel2C_Material_0
13:33:12 | INFO: Blender create Mesh node polySurface196_Porsche_911GT3TouringRewardRecycled_2022_Wheel1A_3D_3DWheel2C_Material_0
13:33:12 | INFO: Blender create Mesh node polySurface197_Porsche_911GT3TouringRewardRecycled_2022_Wheel1A_3D_3DWheel2C_Material_0
13:33:12 | INFO: Blender create Mesh node polySurface198_Porsche_911GT3TouringRewardRecycled_2022_Wheel1A_3D_3DWheel2C_Material_0
13:33:12 | INFO: Blender create Mesh node polySurface199_Porsche_911GT3TouringRewardRecycled_2022_Wheel1A_3D_3DWheel2C_Material_0
13:33:12 | INFO: Blender create Mesh node polySurface200_Porsche_911GT3TouringRewardRecycled_2022_Wheel1A_3D_3DWheel2C_Material_0
13:33:12 | INFO: Blender create Mesh node polySurface201_Porsche_911GT3TouringRewardRecycled_2022_Wheel1A_3D_3DWheel2C_Material_0
13:33:12 | INFO: Blender create Mesh node polySurface202_Porsche_911GT3TouringRewardRecycled_2022_Wheel1A_3D_3DWheel2C_Material_0
13:33:12 | INFO: Blender create Mesh node polySurface203_Porsche_911GT3TouringRewardRecycled_2022_Wheel1A_3D_3DWheel2C_Material_0
13:33:12 | INFO: Blender create Mesh node polySurface204_Porsche_911GT3TouringRewardRecycled_2022_Wheel1A_3D_3DWheel2C_Material_0
13:33:12 | INFO: Blender create Mesh node polySurface205_Porsche_911GT3TouringRewardRecycled_2022_Wheel1A_3D_3DWheel2C_Material_0
13:33:12 | INFO: Blender create Mesh node polySurface206_Porsche_911GT3TouringRewardRecycled_2022_Wheel1A_3D_3DWheel2C_Material_0
13:33:12 | INFO: Blender create Mesh node polySurface207_Porsche_911GT3TouringRewardRecycled_2022_Wheel1A_3D_3DWheel2C_Material_0
13:33:12 | INFO: Blender create Mesh node polySurface208_Porsche_911GT3TouringRewardRecycled_2022_Wheel1A_3D_3DWheel2C_Material_0
13:33:12 | INFO: Blender create Mesh node polySurface209_Porsche_911GT3TouringRewardRecycled_2022_Wheel1A_3D_3DWheel2C_Material_0
13:33:12 | INFO: Blender create Mesh node polySurface210_Porsche_911GT3TouringRewardRecycled_2022_Wheel1A_3D_3DWheel2C_Material_0
13:33:12 | INFO: Blender create Mesh node polySurface211_Porsche_911GT3TouringRewardRecycled_2022_Wheel1A_3D_3DWheel2C_Material_0
13:33:12 | INFO: Blender create Mesh node polySurface212_Porsche_911GT3TouringRewardRecycled_2022_Wheel1A_3D_3DWheel2C_Material_0
13:33:12 | INFO: Blender create Mesh node polySurface213_Porsche_911GT3TouringRewardRecycled_2022_Wheel1A_3D_3DWheel2C_Material_0
13:33:12 | INFO: Blender create Mesh node polySurface214_Porsche_911GT3TouringRewardRecycled_2022_Wheel1A_3D_3DWheel2C_Material_0
13:33:12 | INFO: Blender create Mesh node polySurface215_Porsche_911GT3TouringRewardRecycled_2022_Wheel1A_3D_3DWheel2C_Material_0
13:33:12 | INFO: Blender create Mesh node polySurface216_Porsche_911GT3TouringRewardRecycled_2022_Wheel1A_3D_3DWheel2C_Material_0
13:33:12 | INFO: Blender create Mesh node polySurface217_Porsche_911GT3TouringRewardRecycled_2022_Wheel1A_3D_3DWheel2C_Material_0
13:33:12 | INFO: Blender create Mesh node polySurface218_Porsche_911GT3TouringRewardRecycled_2022_Wheel1A_3D_3DWheel2C_Material_0
13:33:12 | INFO: Blender create Mesh node polySurface219_Porsche_911GT3TouringRewardRecycled_2022_Wheel1A_3D_3DWheel2C_Material_0
13:33:12 | INFO: Blender create Mesh node polySurface220_Porsche_911GT3TouringRewardRecycled_2022_Wheel1A_3D_3DWheel2C_Material_0
13:33:12 | INFO: Blender create Mesh node polySurface221_Porsche_911GT3TouringRewardRecycled_2022_Wheel1A_3D_3DWheel2C_Material_0
13:33:12 | INFO: Blender create Mesh node polySurface222_Porsche_911GT3TouringRewardRecycled_2022_Wheel1A_3D_3DWheel2C_Material_0
13:33:12 | INFO: Blender create Mesh node polySurface223_Porsche_911GT3TouringRewardRecycled_2022_Wheel1A_3D_3DWheel2C_Material_0
13:33:12 | INFO: Blender create Mesh node polySurface224_Porsche_911GT3TouringRewardRecycled_2022_Wheel1A_3D_3DWheel2C_Material_0
13:33:12 | INFO: Blender create Mesh node polySurface225_Porsche_911GT3TouringRewardRecycled_2022_Wheel1A_3D_3DWheel2C_Material_0
13:33:12 | INFO: Blender create Mesh node polySurface226_Porsche_911GT3TouringRewardRecycled_2022_Wheel1A_3D_3DWheel2C_Material_0
13:33:12 | INFO: Blender create Mesh node polySurface227_Porsche_911GT3TouringRewardRecycled_2022_Wheel1A_3D_3DWheel2C_Material_0
13:33:12 | INFO: Blender create Mesh node polySurface228_Porsche_911GT3TouringRewardRecycled_2022_Wheel1A_3D_3DWheel2C_Material_0
13:33:12 | INFO: Blender create Mesh node polySurface229_Porsche_911GT3TouringRewardRecycled_2022_Wheel1A_3D_3DWheel2C_Material_0
13:33:12 | INFO: Blender create Mesh node polySurface230_Porsche_911GT3TouringRewardRecycled_2022_Wheel1A_3D_3DWheel2C_Material_0
13:33:12 | INFO: Blender create Mesh node polySurface231_Porsche_911GT3TouringRewardRecycled_2022_Wheel1A_3D_3DWheel2C_Material_0
13:33:12 | INFO: Blender create Mesh node polySurface232_Porsche_911GT3TouringRewardRecycled_2022_Wheel1A_3D_3DWheel2C_Material_0
13:33:12 | INFO: Blender create Mesh node polySurface233_Porsche_911GT3TouringRewardRecycled_2022_Wheel1A_3D_3DWheel2C_Material_0
13:33:12 | INFO: Blender create Mesh node polySurface234_Porsche_911GT3TouringRewardRecycled_2022_Wheel1A_3D_3DWheel2C_Material_0
13:33:12 | INFO: Blender create Mesh node polySurface235_Porsche_911GT3TouringRewardRecycled_2022_Wheel1A_3D_3DWheel2C_Material_0
13:33:12 | INFO: Blender create Mesh node polySurface236_Porsche_911GT3TouringRewardRecycled_2022_Wheel1A_3D_3DWheel2C_Material_0
13:33:12 | INFO: Blender create Mesh node polySurface237_Porsche_911GT3TouringRewardRecycled_2022_Wheel1A_3D_3DWheel2C_Material_0
13:33:12 | INFO: Blender create Mesh node polySurface238_Porsche_911GT3TouringRewardRecycled_2022_Wheel1A_3D_3DWheel2C_Material_0
13:33:12 | INFO: Blender create Mesh node polySurface239_Porsche_911GT3TouringRewardRecycled_2022_Wheel1A_3D_3DWheel2C_Material_0
13:33:12 | INFO: Blender create Mesh node polySurface240_Porsche_911GT3TouringRewardRecycled_2022_Wheel1A_3D_3DWheel2C_Material_0
13:33:12 | INFO: Blender create Mesh node polySurface241_Porsche_911GT3TouringRewardRecycled_2022_Wheel1A_3D_3DWheel2C_Material_0
13:33:12 | INFO: Blender create Mesh node polySurface242_Porsche_911GT3TouringRewardRecycled_2022_Wheel1A_3D_3DWheel2C_Material_0
13:33:12 | INFO: Blender create Mesh node polySurface243_Porsche_911GT3TouringRewardRecycled_2022_Wheel1A_3D_3DWheel2C_Material_0
13:33:12 | INFO: Blender create Mesh node polySurface244_Porsche_911GT3TouringRewardRecycled_2022_Wheel1A_3D_3DWheel2C_Material_0
13:33:12 | INFO: Blender create Mesh node polySurface245_Porsche_911GT3TouringRewardRecycled_2022_Wheel1A_3D_3DWheel2C_Material_0
13:33:12 | INFO: Blender create Mesh node polySurface246_Porsche_911GT3TouringRewardRecycled_2022_Wheel1A_3D_3DWheel2C_Material_0
13:33:12 | INFO: Blender create Mesh node polySurface247_Porsche_911GT3TouringRewardRecycled_2022_Wheel1A_3D_3DWheel2C_Material_0
13:33:12 | INFO: Blender create Mesh node polySurface248_Porsche_911GT3TouringRewardRecycled_2022_Wheel1A_3D_3DWheel2C_Material_0
13:33:12 | INFO: Blender create Mesh node polySurface249_Porsche_911GT3TouringRewardRecycled_2022_Wheel1A_3D_3DWheel2C_Material_0
13:33:12 | INFO: Blender create Mesh node polySurface250_Porsche_911GT3TouringRewardRecycled_2022_Wheel1A_3D_3DWheel2C_Material_0
13:33:12 | INFO: Blender create Mesh node polySurface251_Porsche_911GT3TouringRewardRecycled_2022_Wheel1A_3D_3DWheel2C_Material_0
13:33:12 | INFO: Blender create Mesh node polySurface252_Porsche_911GT3TouringRewardRecycled_2022_Wheel1A_3D_3DWheel2C_Material_0
13:33:12 | INFO: Blender create Mesh node polySurface253_Porsche_911GT3TouringRewardRecycled_2022_Wheel1A_3D_3DWheel2C_Material_0
13:33:12 | INFO: Blender create Mesh node polySurface254_Porsche_911GT3TouringRewardRecycled_2022_Wheel1A_3D_3DWheel2C_Material_0
13:33:12 | INFO: Blender create Mesh node polySurface255_Porsche_911GT3TouringRewardRecycled_2022_Wheel1A_3D_3DWheel2C_Material_0
13:33:12 | INFO: Blender create Mesh node polySurface256_Porsche_911GT3TouringRewardRecycled_2022_Wheel1A_3D_3DWheel2C_Material_0
13:33:12 | INFO: Blender create Mesh node polySurface257_Porsche_911GT3TouringRewardRecycled_2022_Wheel1A_3D_3DWheel2C_Material_0
13:33:12 | INFO: Blender create Mesh node polySurface258_Porsche_911GT3TouringRewardRecycled_2022_Wheel1A_3D_3DWheel2C_Material_0
13:33:12 | INFO: Blender create Mesh node polySurface259_Porsche_911GT3TouringRewardRecycled_2022_Wheel1A_3D_3DWheel2C_Material_0
13:33:12 | INFO: Blender create Mesh node polySurface260_Porsche_911GT3TouringRewardRecycled_2022_Wheel1A_3D_3DWheel2C_Material_0
13:33:12 | INFO: Blender create Mesh node polySurface261_Porsche_911GT3TouringRewardRecycled_2022_Wheel1A_3D_3DWheel2C_Material_0
13:33:12 | INFO: Blender create Mesh node polySurface262_Porsche_911GT3TouringRewardRecycled_2022_Wheel1A_3D_3DWheel2C_Material_0
13:33:12 | INFO: Blender create Mesh node polySurface263_Porsche_911GT3TouringRewardRecycled_2022_Wheel1A_3D_3DWheel2C_Material_0
13:33:12 | INFO: Blender create Mesh node polySurface264_Porsche_911GT3TouringRewardRecycled_2022_Wheel1A_3D_3DWheel2C_Material_0
13:33:12 | INFO: Blender create Mesh node polySurface265_Porsche_911GT3TouringRewardRecycled_2022_Wheel1A_3D_3DWheel2C_Material_0
13:33:12 | INFO: Blender create Mesh node polySurface266_Porsche_911GT3TouringRewardRecycled_2022_Wheel1A_3D_3DWheel2C_Material_0
13:33:12 | INFO: Blender create Mesh node polySurface267_Porsche_911GT3TouringRewardRecycled_2022_Wheel1A_3D_3DWheel2C_Material_0
13:33:12 | INFO: Blender create Mesh node polySurface268_Porsche_911GT3TouringRewardRecycled_2022_Wheel1A_3D_3DWheel2C_Material_0
13:33:12 | INFO: Blender create Mesh node polySurface269_Porsche_911GT3TouringRewardRecycled_2022_Wheel1A_3D_3DWheel2C_Material_0
13:33:12 | INFO: Blender create Mesh node polySurface270_Porsche_911GT3TouringRewardRecycled_2022_Wheel1A_3D_3DWheel2C_Material_0
13:33:12 | INFO: Blender create Mesh node polySurface271_Porsche_911GT3TouringRewardRecycled_2022_Wheel1A_3D_3DWheel2C_Material_0
13:33:12 | INFO: Blender create Mesh node polySurface272_Porsche_911GT3TouringRewardRecycled_2022_Wheel1A_3D_3DWheel2C_Material_0
13:33:12 | INFO: Blender create Mesh node polySurface273_Porsche_911GT3TouringRewardRecycled_2022_Wheel1A_3D_3DWheel2C_Material_0
13:33:12 | INFO: Blender create Mesh node polySurface274_Porsche_911GT3TouringRewardRecycled_2022_Wheel1A_3D_3DWheel2C_Material_0
13:33:12 | INFO: Blender create Mesh node polySurface275_Porsche_911GT3TouringRewardRecycled_2022_Wheel1A_3D_3DWheel2C_Material_0
13:33:12 | INFO: Blender create Mesh node polySurface276_Porsche_911GT3TouringRewardRecycled_2022_Wheel1A_3D_3DWheel2C_Material_0
13:33:12 | INFO: Blender create Mesh node polySurface277_Porsche_911GT3TouringRewardRecycled_2022_Wheel1A_3D_3DWheel2C_Material_0
13:33:12 | INFO: Blender create Mesh node polySurface278_Porsche_911GT3TouringRewardRecycled_2022_Wheel1A_3D_3DWheel2C_Material_0
13:33:12 | INFO: Blender create Mesh node polySurface279_Porsche_911GT3TouringRewardRecycled_2022_Wheel1A_3D_3DWheel2C_Material_0
13:33:12 | INFO: Blender create Mesh node polySurface280_Porsche_911GT3TouringRewardRecycled_2022_Wheel1A_3D_3DWheel2C_Material_0
13:33:12 | INFO: Blender create Mesh node polySurface281_Porsche_911GT3TouringRewardRecycled_2022_Wheel1A_3D_3DWheel2C_Material_0
13:33:12 | INFO: Blender create Mesh node polySurface282_Porsche_911GT3TouringRewardRecycled_2022_Wheel1A_3D_3DWheel2C_Material_0
13:33:12 | INFO: Blender create Mesh node polySurface283_Porsche_911GT3TouringRewardRecycled_2022_Wheel1A_3D_3DWheel2C_Material_0
13:33:12 | INFO: Blender create Mesh node polySurface284_Porsche_911GT3TouringRewardRecycled_2022_Wheel1A_3D_3DWheel2C_Material_0
13:33:12 | INFO: Blender create Mesh node polySurface285_Porsche_911GT3TouringRewardRecycled_2022_Wheel1A_3D_3DWheel2C_Material_0
13:33:12 | INFO: Blender create Mesh node polySurface286_Porsche_911GT3TouringRewardRecycled_2022_Wheel1A_3D_3DWheel2C_Material_0
13:33:12 | INFO: Blender create Mesh node polySurface287_Porsche_911GT3TouringRewardRecycled_2022_Wheel1A_3D_3DWheel2C_Material_0
13:33:12 | INFO: Blender create Mesh node polySurface288_Porsche_911GT3TouringRewardRecycled_2022_Wheel1A_3D_3DWheel2C_Material_0
13:33:12 | INFO: Blender create Mesh node polySurface289_Porsche_911GT3TouringRewardRecycled_2022_Wheel1A_3D_3DWheel2C_Material_0
13:33:12 | INFO: Blender create Mesh node polySurface290_Porsche_911GT3TouringRewardRecycled_2022_Wheel1A_3D_3DWheel2C_Material_0
13:33:12 | INFO: Blender create Mesh node polySurface291_Porsche_911GT3TouringRewardRecycled_2022_Wheel1A_3D_3DWheel2C_Material_0
13:33:12 | INFO: Blender create Mesh node polySurface292_Porsche_911GT3TouringRewardRecycled_2022_Wheel1A_3D_3DWheel2C_Material_0
13:33:12 | INFO: Blender create Mesh node polySurface293_Porsche_911GT3TouringRewardRecycled_2022_Wheel1A_3D_3DWheel2C_Material_0
13:33:12 | INFO: Blender create Mesh node polySurface294_Porsche_911GT3TouringRewardRecycled_2022_Wheel1A_3D_3DWheel2C_Material_0
13:33:12 | INFO: Blender create Mesh node polySurface295_Porsche_911GT3TouringRewardRecycled_2022_Wheel1A_3D_3DWheel2C_Material_0
13:33:12 | INFO: Blender create Mesh node polySurface296_Porsche_911GT3TouringRewardRecycled_2022_Wheel1A_3D_3DWheel2C_Material_0
13:33:12 | INFO: Blender create Mesh node polySurface297_Porsche_911GT3TouringRewardRecycled_2022_Wheel1A_3D_3DWheel2C_Material_0
13:33:12 | INFO: Blender create Mesh node polySurface298_Porsche_911GT3TouringRewardRecycled_2022_Wheel1A_3D_3DWheel2C_Material_0
13:33:12 | INFO: Blender create Mesh node polySurface299_Porsche_911GT3TouringRewardRecycled_2022_Wheel1A_3D_3DWheel2C_Material_0
13:33:12 | INFO: Blender create Mesh node polySurface300_Porsche_911GT3TouringRewardRecycled_2022_Wheel1A_3D_3DWheel2C_Material_0
13:33:12 | INFO: Blender create Mesh node polySurface301_Porsche_911GT3TouringRewardRecycled_2022_Wheel1A_3D_3DWheel2C_Material_0
13:33:12 | INFO: Blender create Mesh node polySurface302_Porsche_911GT3TouringRewardRecycled_2022_Wheel1A_3D_3DWheel2C_Material_0
13:33:12 | INFO: Blender create Mesh node polySurface303_Porsche_911GT3TouringRewardRecycled_2022_Wheel1A_3D_3DWheel2C_Material_0
13:33:12 | INFO: Blender create Mesh node polySurface304_Porsche_911GT3TouringRewardRecycled_2022_Wheel1A_3D_3DWheel2C_Material_0
13:33:12 | INFO: Blender create Mesh node polySurface305_Porsche_911GT3TouringRewardRecycled_2022_Wheel1A_3D_3DWheel2C_Material_0
13:33:12 | INFO: Blender create Mesh node polySurface306_Porsche_911GT3TouringRewardRecycled_2022_Wheel1A_3D_3DWheel2C_Material_0
13:33:12 | INFO: Blender create Mesh node polySurface307_Porsche_911GT3TouringRewardRecycled_2022_Wheel1A_3D_3DWheel2C_Material_0
13:33:12 | INFO: Blender create Mesh node polySurface308_Porsche_911GT3TouringRewardRecycled_2022_Wheel1A_3D_3DWheel2C_Material_0
13:33:12 | INFO: Blender create Mesh node polySurface309_Porsche_911GT3TouringRewardRecycled_2022_Wheel1A_3D_3DWheel2C_Material_0
13:33:12 | INFO: Blender create Mesh node polySurface310_Porsche_911GT3TouringRewardRecycled_2022_Wheel1A_3D_3DWheel2C_Material_0
13:33:12 | INFO: Blender create Mesh node polySurface311_Porsche_911GT3TouringRewardRecycled_2022_Wheel1A_3D_3DWheel2C_Material_0
13:33:12 | INFO: Blender create Mesh node polySurface312_Porsche_911GT3TouringRewardRecycled_2022_Wheel1A_3D_3DWheel2C_Material_0
13:33:12 | INFO: Blender create Mesh node polySurface313_Porsche_911GT3TouringRewardRecycled_2022_Wheel1A_3D_3DWheel2C_Material_0
13:33:12 | INFO: Blender create Mesh node polySurface314_Porsche_911GT3TouringRewardRecycled_2022_Wheel1A_3D_3DWheel2C_Material_0
13:33:12 | INFO: Blender create Mesh node polySurface315_Porsche_911GT3TouringRewardRecycled_2022_Wheel1A_3D_3DWheel2C_Material_0
13:33:12 | INFO: Blender create Mesh node polySurface316_Porsche_911GT3TouringRewardRecycled_2022_Wheel1A_3D_3DWheel2C_Material_0
13:33:12 | INFO: Blender create Mesh node polySurface317_Porsche_911GT3TouringRewardRecycled_2022_Wheel1A_3D_3DWheel2C_Material_0
13:33:12 | INFO: Blender create Mesh node polySurface318_Porsche_911GT3TouringRewardRecycled_2022_Wheel1A_3D_3DWheel2C_Material_0
13:33:12 | INFO: Blender create Mesh node polySurface319_Porsche_911GT3TouringRewardRecycled_2022_Wheel1A_3D_3DWheel2C_Material_0
13:33:12 | INFO: Blender create Mesh node polySurface320_Porsche_911GT3TouringRewardRecycled_2022_Wheel1A_3D_3DWheel2C_Material_0
13:33:12 | INFO: Blender create Mesh node polySurface321_Porsche_911GT3TouringRewardRecycled_2022_Wheel1A_3D_3DWheel2C_Material_0
13:33:12 | INFO: Blender create Mesh node polySurface322_Porsche_911GT3TouringRewardRecycled_2022_Wheel1A_3D_3DWheel2C_Material_0
13:33:12 | INFO: Blender create Mesh node polySurface323_Porsche_911GT3TouringRewardRecycled_2022_Wheel1A_3D_3DWheel2C_Material_0
13:33:12 | INFO: Blender create Mesh node polySurface324_Porsche_911GT3TouringRewardRecycled_2022_Wheel1A_3D_3DWheel2C_Material_0
13:33:12 | INFO: Blender create Mesh node polySurface325_Porsche_911GT3TouringRewardRecycled_2022_Wheel1A_3D_3DWheel2C_Material_0
13:33:12 | INFO: Blender create Mesh node polySurface326_Porsche_911GT3TouringRewardRecycled_2022_Wheel1A_3D_3DWheel2C_Material_0
13:33:12 | INFO: Blender create Mesh node polySurface327_Porsche_911GT3TouringRewardRecycled_2022_Wheel1A_3D_3DWheel2C_Material_0
13:33:12 | INFO: Blender create Mesh node polySurface328_Porsche_911GT3TouringRewardRecycled_2022_Wheel1A_3D_3DWheel2C_Material_0
13:33:12 | INFO: Blender create Mesh node polySurface329_Porsche_911GT3TouringRewardRecycled_2022_Wheel1A_3D_3DWheel2C_Material_0
13:33:12 | INFO: Blender create Mesh node polySurface330_Porsche_911GT3TouringRewardRecycled_2022_Wheel1A_3D_3DWheel2C_Material_0
13:33:12 | INFO: Blender create Mesh node polySurface331_Porsche_911GT3TouringRewardRecycled_2022_Wheel1A_3D_3DWheel2C_Material_0
13:33:12 | INFO: Blender create Mesh node polySurface332_Porsche_911GT3TouringRewardRecycled_2022_Wheel1A_3D_3DWheel2C_Material_0
13:33:12 | INFO: Blender create Mesh node polySurface333_Porsche_911GT3TouringRewardRecycled_2022_Wheel1A_3D_3DWheel2C_Material_0
13:33:12 | INFO: Blender create Mesh node polySurface334_Porsche_911GT3TouringRewardRecycled_2022_Wheel1A_3D_3DWheel2C_Material_0
13:33:12 | INFO: Blender create Mesh node polySurface335_Porsche_911GT3TouringRewardRecycled_2022_Wheel1A_3D_3DWheel2C_Material_0
13:33:12 | INFO: Blender create Mesh node polySurface336_Porsche_911GT3TouringRewardRecycled_2022_Wheel1A_3D_3DWheel2C_Material_0
13:33:12 | INFO: Blender create Mesh node polySurface337_Porsche_911GT3TouringRewardRecycled_2022_Wheel1A_3D_3DWheel2C_Material_0
13:33:12 | INFO: Blender create Mesh node polySurface338_Porsche_911GT3TouringRewardRecycled_2022_Wheel1A_3D_3DWheel2C_Material_0
13:33:12 | INFO: Blender create Mesh node polySurface339_Porsche_911GT3TouringRewardRecycled_2022_Wheel1A_3D_3DWheel2C_Material_0
13:33:12 | INFO: Blender create Mesh node polySurface340_Porsche_911GT3TouringRewardRecycled_2022_Wheel1A_3D_3DWheel2C_Material_0
13:33:12 | INFO: Blender create Mesh node polySurface341_Porsche_911GT3TouringRewardRecycled_2022_Wheel1A_3D_3DWheel2C_Material_0
13:33:12 | INFO: Blender create Mesh node polySurface342_Porsche_911GT3TouringRewardRecycled_2022_Wheel1A_3D_3DWheel2C_Material_0
13:33:12 | INFO: Blender create Mesh node polySurface343_Porsche_911GT3TouringRewardRecycled_2022_Wheel1A_3D_3DWheel2C_Material_0
13:33:12 | INFO: Blender create Mesh node polySurface344_Porsche_911GT3TouringRewardRecycled_2022_Wheel1A_3D_3DWheel2C_Material_0
13:33:12 | INFO: Blender create Mesh node polySurface345_Porsche_911GT3TouringRewardRecycled_2022_Wheel1A_3D_3DWheel2C_Material_0
13:33:12 | INFO: Blender create Mesh node polySurface346_Porsche_911GT3TouringRewardRecycled_2022_Wheel1A_3D_3DWheel2C_Material_0
13:33:12 | INFO: Blender create Mesh node polySurface347_Porsche_911GT3TouringRewardRecycled_2022_Wheel1A_3D_3DWheel2C_Material_0
13:33:12 | INFO: Blender create Mesh node polySurface348_Porsche_911GT3TouringRewardRecycled_2022_Wheel1A_3D_3DWheel2C_Material_0
13:33:12 | INFO: Blender create Mesh node polySurface349_Porsche_911GT3TouringRewardRecycled_2022_Wheel1A_3D_3DWheel2C_Material_0
13:33:12 | INFO: Blender create Mesh node polySurface350_Porsche_911GT3TouringRewardRecycled_2022_Wheel1A_3D_3DWheel2C_Material_0
13:33:12 | INFO: Blender create Mesh node polySurface351_Porsche_911GT3TouringRewardRecycled_2022_Wheel1A_3D_3DWheel2C_Material_0
13:33:12 | INFO: Blender create Mesh node polySurface352_Porsche_911GT3TouringRewardRecycled_2022_Wheel1A_3D_3DWheel2C_Material_0
13:33:12 | INFO: Blender create Mesh node polySurface353_Porsche_911GT3TouringRewardRecycled_2022_Wheel1A_3D_3DWheel2C_Material_0
13:33:12 | INFO: Blender create Mesh node polySurface354_Porsche_911GT3TouringRewardRecycled_2022_Wheel1A_3D_3DWheel2C_Material_0
13:33:12 | INFO: Blender create Mesh node polySurface355_Porsche_911GT3TouringRewardRecycled_2022_Wheel1A_3D_3DWheel2C_Material_0
13:33:12 | INFO: Blender create Mesh node polySurface356_Porsche_911GT3TouringRewardRecycled_2022_Wheel1A_3D_3DWheel2C_Material_0
13:33:12 | INFO: Blender create Mesh node polySurface357_Porsche_911GT3TouringRewardRecycled_2022_Wheel1A_3D_3DWheel2C_Material_0
13:33:12 | INFO: Blender create Mesh node polySurface358_Porsche_911GT3TouringRewardRecycled_2022_Wheel1A_3D_3DWheel2C_Material_0
13:33:12 | INFO: Blender create Mesh node polySurface359_Porsche_911GT3TouringRewardRecycled_2022_Wheel1A_3D_3DWheel2C_Material_0
13:33:12 | INFO: Blender create Mesh node polySurface360_Porsche_911GT3TouringRewardRecycled_2022_Wheel1A_3D_3DWheel2C_Material_0
13:33:12 | INFO: Blender create Mesh node polySurface361_Porsche_911GT3TouringRewardRecycled_2022_Wheel1A_3D_3DWheel2C_Material_0
13:33:12 | INFO: Blender create Mesh node polySurface362_Porsche_911GT3TouringRewardRecycled_2022_Wheel1A_3D_3DWheel2C_Material_0
13:33:12 | INFO: Blender create Mesh node polySurface363_Porsche_911GT3TouringRewardRecycled_2022_Wheel1A_3D_3DWheel2C_Material_0
13:33:12 | INFO: Blender create Mesh node polySurface364_Porsche_911GT3TouringRewardRecycled_2022_Wheel1A_3D_3DWheel2C_Material_0
13:33:12 | INFO: Blender create Mesh node polySurface365_Porsche_911GT3TouringRewardRecycled_2022_Wheel1A_3D_3DWheel2C_Material_0
13:33:12 | INFO: Blender create Mesh node polySurface366_Porsche_911GT3TouringRewardRecycled_2022_Wheel1A_3D_3DWheel2C_Material_0
13:33:12 | INFO: Blender create Mesh node polySurface367_Porsche_911GT3TouringRewardRecycled_2022_Wheel1A_3D_3DWheel2C_Material_0
13:33:12 | INFO: Blender create Mesh node polySurface368_Porsche_911GT3TouringRewardRecycled_2022_Wheel1A_3D_3DWheel2C_Material_0
13:33:12 | INFO: Blender create Mesh node polySurface369_Porsche_911GT3TouringRewardRecycled_2022_Wheel1A_3D_3DWheel2C_Material_0
13:33:12 | INFO: Blender create Mesh node polySurface370_Porsche_911GT3TouringRewardRecycled_2022_Wheel1A_3D_3DWheel2C_Material_0
13:33:12 | INFO: Blender create Mesh node polySurface371_Porsche_911GT3TouringRewardRecycled_2022_Wheel1A_3D_3DWheel2C_Material_0
13:33:12 | INFO: Blender create Mesh node polySurface372_Porsche_911GT3TouringRewardRecycled_2022_Wheel1A_3D_3DWheel2C_Material_0
13:33:12 | INFO: Blender create Mesh node polySurface373_Porsche_911GT3TouringRewardRecycled_2022_Wheel1A_3D_3DWheel2C_Material_0
13:33:12 | INFO: Blender create Mesh node polySurface374_Porsche_911GT3TouringRewardRecycled_2022_Wheel1A_3D_3DWheel2C_Material_0
13:33:12 | INFO: Blender create Mesh node polySurface375_Porsche_911GT3TouringRewardRecycled_2022_Wheel1A_3D_3DWheel2C_Material_0
13:33:12 | INFO: Blender create Mesh node polySurface376_Porsche_911GT3TouringRewardRecycled_2022_Wheel1A_3D_3DWheel2C_Material_0
13:33:12 | INFO: Blender create Mesh node polySurface377_Porsche_911GT3TouringRewardRecycled_2022_Wheel1A_3D_3DWheel2C_Material_0
13:33:12 | INFO: Blender create Mesh node polySurface378_Porsche_911GT3TouringRewardRecycled_2022_Wheel1A_3D_3DWheel2C_Material_0
13:33:12 | INFO: Blender create Mesh node polySurface379_Porsche_911GT3TouringRewardRecycled_2022_Wheel1A_3D_3DWheel2C_Material_0
13:33:12 | INFO: Blender create Mesh node polySurface380_Porsche_911GT3TouringRewardRecycled_2022_Wheel1A_3D_3DWheel2C_Material_0
13:33:12 | INFO: Blender create Mesh node polySurface381_Porsche_911GT3TouringRewardRecycled_2022_Wheel1A_3D_3DWheel2C_Material_0
13:33:12 | INFO: Blender create Mesh node polySurface382_Porsche_911GT3TouringRewardRecycled_2022_Wheel1A_3D_3DWheel2C_Material_0
13:33:12 | INFO: Blender create Mesh node polySurface383_Porsche_911GT3TouringRewardRecycled_2022_Wheel1A_3D_3DWheel2C_Material_0
13:33:12 | INFO: Blender create Mesh node polySurface384_Porsche_911GT3TouringRewardRecycled_2022_Wheel1A_3D_3DWheel2C_Material_0
13:33:12 | INFO: Blender create Mesh node polySurface385_Porsche_911GT3TouringRewardRecycled_2022_Wheel1A_3D_3DWheel2C_Material_0
13:33:12 | INFO: Blender create Mesh node polySurface386_Porsche_911GT3TouringRewardRecycled_2022_Wheel1A_3D_3DWheel2C_Material_0
13:33:12 | INFO: Blender create Mesh node polySurface387_Porsche_911GT3TouringRewardRecycled_2022_Wheel1A_3D_3DWheel2C_Material_0
13:33:12 | INFO: Blender create Mesh node polySurface388_Porsche_911GT3TouringRewardRecycled_2022_Wheel1A_3D_3DWheel2C_Material_0
13:33:12 | INFO: Blender create Mesh node polySurface389_Porsche_911GT3TouringRewardRecycled_2022_Wheel1A_3D_3DWheel2C_Material_0
13:33:12 | INFO: Blender create Mesh node polySurface390_Porsche_911GT3TouringRewardRecycled_2022_Wheel1A_3D_3DWheel2C_Material_0
13:33:12 | INFO: Blender create Mesh node polySurface391_Porsche_911GT3TouringRewardRecycled_2022_Wheel1A_3D_3DWheel2C_Material_0
13:33:12 | INFO: Blender create Mesh node polySurface392_Porsche_911GT3TouringRewardRecycled_2022_Wheel1A_3D_3DWheel2C_Material_0
13:33:12 | INFO: Blender create Mesh node polySurface393_Porsche_911GT3TouringRewardRecycled_2022_Wheel1A_3D_3DWheel2C_Material_0
13:33:12 | INFO: Blender create Mesh node polySurface394_Porsche_911GT3TouringRewardRecycled_2022_Wheel1A_3D_3DWheel2C_Material_0
13:33:12 | INFO: Blender create Mesh node polySurface395_Porsche_911GT3TouringRewardRecycled_2022_Wheel1A_3D_3DWheel2C_Material_0
13:33:12 | INFO: Blender create Mesh node polySurface396_Porsche_911GT3TouringRewardRecycled_2022_Wheel1A_3D_3DWheel2C_Material_0
13:33:12 | INFO: Blender create Mesh node polySurface397_Porsche_911GT3TouringRewardRecycled_2022_Wheel1A_3D_3DWheel2C_Material_0
13:33:12 | INFO: Blender create Mesh node polySurface398_Porsche_911GT3TouringRewardRecycled_2022_Wheel1A_3D_3DWheel2C_Material_0
13:33:12 | INFO: Blender create Mesh node polySurface399_Porsche_911GT3TouringRewardRecycled_2022_Wheel1A_3D_3DWheel2C_Material_0
13:33:12 | INFO: Blender create Mesh node polySurface400_Porsche_911GT3TouringRewardRecycled_2022_Wheel1A_3D_3DWheel2C_Material_0
13:33:12 | INFO: Blender create Mesh node polySurface401_Porsche_911GT3TouringRewardRecycled_2022_Wheel1A_3D_3DWheel2C_Material_0
13:33:12 | INFO: Blender create Mesh node polySurface402_Porsche_911GT3TouringRewardRecycled_2022_Wheel1A_3D_3DWheel2C_Material_0
13:33:12 | INFO: Blender create Mesh node polySurface403_Porsche_911GT3TouringRewardRecycled_2022_Wheel1A_3D_3DWheel2C_Material_0
13:33:12 | INFO: Blender create Mesh node polySurface404_Porsche_911GT3TouringRewardRecycled_2022_Wheel1A_3D_3DWheel2C_Material_0
13:33:12 | INFO: Blender create Mesh node polySurface405_Porsche_911GT3TouringRewardRecycled_2022_Wheel1A_3D_3DWheel2C_Material_0
13:33:12 | INFO: Blender create Mesh node polySurface406_Porsche_911GT3TouringRewardRecycled_2022_Wheel1A_3D_3DWheel2C_Material_0
13:33:12 | INFO: Blender create Mesh node polySurface407_Porsche_911GT3TouringRewardRecycled_2022_Wheel1A_3D_3DWheel2C_Material_0
13:33:12 | INFO: Blender create Mesh node polySurface408_Porsche_911GT3TouringRewardRecycled_2022_Wheel1A_3D_3DWheel2C_Material_0
13:33:12 | INFO: Blender create Mesh node polySurface409_Porsche_911GT3TouringRewardRecycled_2022_Wheel1A_3D_3DWheel2C_Material_0
13:33:12 | INFO: Blender create Mesh node polySurface410_Porsche_911GT3TouringRewardRecycled_2022_Wheel1A_3D_3DWheel2C_Material_0
13:33:12 | INFO: Blender create Mesh node polySurface411_Porsche_911GT3TouringRewardRecycled_2022_Wheel1A_3D_3DWheel2C_Material_0
13:33:12 | INFO: Blender create Mesh node polySurface412_Porsche_911GT3TouringRewardRecycled_2022_Wheel1A_3D_3DWheel2C_Material_0
13:33:12 | INFO: Blender create Mesh node polySurface413_Porsche_911GT3TouringRewardRecycled_2022_Wheel1A_3D_3DWheel2C_Material_0
13:33:12 | INFO: Blender create Mesh node polySurface414_Porsche_911GT3TouringRewardRecycled_2022_Wheel1A_3D_3DWheel2C_Material_0
13:33:12 | INFO: Blender create Mesh node polySurface415_Porsche_911GT3TouringRewardRecycled_2022_Wheel1A_3D_3DWheel2C_Material_0
13:33:12 | INFO: Blender create Mesh node polySurface416_Porsche_911GT3TouringRewardRecycled_2022_Wheel1A_3D_3DWheel2C_Material_0
13:33:12 | INFO: Blender create Mesh node polySurface417_Porsche_911GT3TouringRewardRecycled_2022_Wheel1A_3D_3DWheel2C_Material_0
13:33:12 | INFO: Blender create Mesh node polySurface418_Porsche_911GT3TouringRewardRecycled_2022_Wheel1A_3D_3DWheel2C_Material_0
13:33:12 | INFO: Blender create Mesh node polySurface419_Porsche_911GT3TouringRewardRecycled_2022_Wheel1A_3D_3DWheel2C_Material_0
13:33:12 | INFO: Blender create Mesh node polySurface420_Porsche_911GT3TouringRewardRecycled_2022_Wheel1A_3D_3DWheel2C_Material_0
13:33:12 | INFO: Blender create Mesh node polySurface421_Porsche_911GT3TouringRewardRecycled_2022_Wheel1A_3D_3DWheel2C_Material_0
13:33:12 | INFO: Blender create Mesh node polySurface422_Porsche_911GT3TouringRewardRecycled_2022_Wheel1A_3D_3DWheel2C_Material_0
13:33:12 | INFO: Blender create Mesh node polySurface423_Porsche_911GT3TouringRewardRecycled_2022_Wheel1A_3D_3DWheel2C_Material_0
13:33:12 | INFO: Blender create Mesh node polySurface424_Porsche_911GT3TouringRewardRecycled_2022_Wheel1A_3D_3DWheel2C_Material_0
13:33:12 | INFO: Blender create Mesh node polySurface425_Porsche_911GT3TouringRewardRecycled_2022_Wheel1A_3D_3DWheel2C_Material_0
13:33:12 | INFO: Blender create Mesh node polySurface426_Porsche_911GT3TouringRewardRecycled_2022_Wheel1A_3D_3DWheel2C_Material_0
13:33:12 | INFO: Blender create Mesh node polySurface427_Porsche_911GT3TouringRewardRecycled_2022_Wheel1A_3D_3DWheel2C_Material_0
13:33:12 | INFO: Blender create Mesh node polySurface428_Porsche_911GT3TouringRewardRecycled_2022_Wheel1A_3D_3DWheel2C_Material_0
13:33:12 | INFO: Blender create Mesh node polySurface429_Porsche_911GT3TouringRewardRecycled_2022_Wheel1A_3D_3DWheel2C_Material_0
13:33:12 | INFO: Blender create Mesh node polySurface430_Porsche_911GT3TouringRewardRecycled_2022_Wheel1A_3D_3DWheel2C_Material_0
13:33:12 | INFO: Blender create Mesh node polySurface431_Porsche_911GT3TouringRewardRecycled_2022_Wheel1A_3D_3DWheel2C_Material_0
13:33:12 | INFO: Blender create Mesh node polySurface432_Porsche_911GT3TouringRewardRecycled_2022_Wheel1A_3D_3DWheel2C_Material_0
13:33:12 | INFO: Blender create Mesh node polySurface433_Porsche_911GT3TouringRewardRecycled_2022_Wheel1A_3D_3DWheel2C_Material_0
13:33:12 | INFO: Blender create Mesh node polySurface434_Porsche_911GT3TouringRewardRecycled_2022_Wheel1A_3D_3DWheel2C_Material_0
13:33:12 | INFO: Blender create Mesh node polySurface435_Porsche_911GT3TouringRewardRecycled_2022_Wheel1A_3D_3DWheel2C_Material_0
13:33:12 | INFO: Blender create Mesh node polySurface436_Porsche_911GT3TouringRewardRecycled_2022_Wheel1A_3D_3DWheel2C_Material_0
13:33:12 | INFO: Blender create Mesh node polySurface437_Porsche_911GT3TouringRewardRecycled_2022_Wheel1A_3D_3DWheel2C_Material_0
13:33:12 | INFO: Blender create Mesh node polySurface438_Porsche_911GT3TouringRewardRecycled_2022_Wheel1A_3D_3DWheel2C_Material_0
13:33:12 | INFO: Blender create Mesh node polySurface439_Porsche_911GT3TouringRewardRecycled_2022_Wheel1A_3D_3DWheel2C_Material_0
13:33:12 | INFO: Blender create Mesh node polySurface440_Porsche_911GT3TouringRewardRecycled_2022_Wheel1A_3D_3DWheel2C_Material_0
13:33:12 | INFO: Blender create Mesh node polySurface441_Porsche_911GT3TouringRewardRecycled_2022_Wheel1A_3D_3DWheel2C_Material_0
13:33:12 | INFO: Blender create Mesh node polySurface442_Porsche_911GT3TouringRewardRecycled_2022_Wheel1A_3D_3DWheel2C_Material_0
13:33:12 | INFO: Blender create Mesh node polySurface443_Porsche_911GT3TouringRewardRecycled_2022_Wheel1A_3D_3DWheel2C_Material_0
13:33:12 | INFO: Blender create Mesh node polySurface444_Porsche_911GT3TouringRewardRecycled_2022_Wheel1A_3D_3DWheel2C_Material_0
13:33:12 | INFO: Blender create Mesh node polySurface445_Porsche_911GT3TouringRewardRecycled_2022_Wheel1A_3D_3DWheel2C_Material_0
13:33:12 | INFO: Blender create Mesh node polySurface446_Porsche_911GT3TouringRewardRecycled_2022_Wheel1A_3D_3DWheel2C_Material_0
13:33:12 | INFO: Blender create Mesh node polySurface447_Porsche_911GT3TouringRewardRecycled_2022_Wheel1A_3D_3DWheel2C_Material_0
13:33:12 | INFO: Blender create Mesh node polySurface448_Porsche_911GT3TouringRewardRecycled_2022_Wheel1A_3D_3DWheel2C_Material_0
13:33:12 | INFO: Blender create Mesh node polySurface449_Porsche_911GT3TouringRewardRecycled_2022_Wheel1A_3D_3DWheel2C_Material_0
13:33:12 | INFO: Blender create Mesh node polySurface450_Porsche_911GT3TouringRewardRecycled_2022_Wheel1A_3D_3DWheel2C_Material_0
13:33:12 | INFO: Blender create Mesh node polySurface451_Porsche_911GT3TouringRewardRecycled_2022_Wheel1A_3D_3DWheel2C_Material_0
13:33:12 | INFO: Blender create Mesh node polySurface452_Porsche_911GT3TouringRewardRecycled_2022_Wheel1A_3D_3DWheel2C_Material_0
13:33:12 | INFO: Blender create Mesh node polySurface453_Porsche_911GT3TouringRewardRecycled_2022_Wheel1A_3D_3DWheel2C_Material_0
13:33:12 | INFO: Blender create Mesh node polySurface454_Porsche_911GT3TouringRewardRecycled_2022_Wheel1A_3D_3DWheel2C_Material_0
13:33:12 | INFO: Blender create Mesh node polySurface455_Porsche_911GT3TouringRewardRecycled_2022_Wheel1A_3D_3DWheel2C_Material_0
13:33:12 | INFO: Blender create Mesh node polySurface456_Porsche_911GT3TouringRewardRecycled_2022_Wheel1A_3D_3DWheel2C_Material_0
13:33:12 | INFO: Blender create Mesh node polySurface457_Porsche_911GT3TouringRewardRecycled_2022_Wheel1A_3D_3DWheel2C_Material_0
13:33:12 | INFO: Blender create Mesh node polySurface458_Porsche_911GT3TouringRewardRecycled_2022_Wheel1A_3D_3DWheel2C_Material_0
13:33:12 | INFO: Blender create Mesh node polySurface459_Porsche_911GT3TouringRewardRecycled_2022_Wheel1A_3D_3DWheel2C_Material_0
13:33:12 | INFO: Blender create Mesh node polySurface460_Porsche_911GT3TouringRewardRecycled_2022_Wheel1A_3D_3DWheel2C_Material_0
13:33:13 | INFO: Blender create Mesh node polySurface461_Porsche_911GT3TouringRewardRecycled_2022_Wheel1A_3D_3DWheel2C_Material_0
13:33:13 | INFO: Blender create Mesh node polySurface462_Porsche_911GT3TouringRewardRecycled_2022_Wheel1A_3D_3DWheel2C_Material_0
13:33:13 | INFO: Blender create Mesh node polySurface463_Porsche_911GT3TouringRewardRecycled_2022_Wheel1A_3D_3DWheel2C_Material_0
13:33:13 | INFO: Blender create Mesh node polySurface464_Porsche_911GT3TouringRewardRecycled_2022_Wheel1A_3D_3DWheel2C_Material_0
13:33:13 | INFO: Blender create Mesh node polySurface465_Porsche_911GT3TouringRewardRecycled_2022_Wheel1A_3D_3DWheel2C_Material_0
13:33:13 | INFO: Blender create Mesh node polySurface466_Porsche_911GT3TouringRewardRecycled_2022_Wheel1A_3D_3DWheel2C_Material_0
13:33:13 | INFO: Blender create Mesh node polySurface467_Porsche_911GT3TouringRewardRecycled_2022_Wheel1A_3D_3DWheel2C_Material_0
13:33:13 | INFO: Blender create Mesh node polySurface468_Porsche_911GT3TouringRewardRecycled_2022_Wheel1A_3D_3DWheel2C_Material_0
13:33:13 | INFO: Blender create Mesh node polySurface469_Porsche_911GT3TouringRewardRecycled_2022_Wheel1A_3D_3DWheel2C_Material_0
13:33:13 | INFO: Blender create Mesh node polySurface470_Porsche_911GT3TouringRewardRecycled_2022_Wheel1A_3D_3DWheel2C_Material_0
13:33:13 | INFO: Blender create Mesh node polySurface471_Porsche_911GT3TouringRewardRecycled_2022_Wheel1A_3D_3DWheel2C_Material_0
13:33:13 | INFO: Blender create Mesh node polySurface472_Porsche_911GT3TouringRewardRecycled_2022_Wheel1A_3D_3DWheel2C_Material_0
13:33:13 | INFO: Blender create Mesh node polySurface473_Porsche_911GT3TouringRewardRecycled_2022_Wheel1A_3D_3DWheel2C_Material_0
13:33:13 | INFO: Blender create Mesh node polySurface474_Porsche_911GT3TouringRewardRecycled_2022_Wheel1A_3D_3DWheel2C_Material_0
13:33:13 | INFO: Blender create Mesh node polySurface475_Porsche_911GT3TouringRewardRecycled_2022_Wheel1A_3D_3DWheel2C_Material_0
13:33:13 | INFO: Blender create Mesh node polySurface476_Porsche_911GT3TouringRewardRecycled_2022_Wheel1A_3D_3DWheel2C_Material_0
13:33:13 | INFO: Blender create Mesh node polySurface477_Porsche_911GT3TouringRewardRecycled_2022_Wheel1A_3D_3DWheel2C_Material_0
13:33:13 | INFO: Blender create Mesh node polySurface478_Porsche_911GT3TouringRewardRecycled_2022_Wheel1A_3D_3DWheel2C_Material_0
13:33:13 | INFO: Blender create Mesh node polySurface479_Porsche_911GT3TouringRewardRecycled_2022_Wheel1A_3D_3DWheel2C_Material_0
13:33:13 | INFO: Blender create Mesh node polySurface480_Porsche_911GT3TouringRewardRecycled_2022_Wheel1A_3D_3DWheel2C_Material_0
13:33:13 | INFO: Blender create Mesh node polySurface481_Porsche_911GT3TouringRewardRecycled_2022_Wheel1A_3D_3DWheel2C_Material_0
13:33:13 | INFO: Blender create Mesh node polySurface482_Porsche_911GT3TouringRewardRecycled_2022_Wheel1A_3D_3DWheel2C_Material_0
13:33:13 | INFO: Blender create Mesh node polySurface483_Porsche_911GT3TouringRewardRecycled_2022_Wheel1A_3D_3DWheel2C_Material_0
13:33:13 | INFO: Blender create Mesh node polySurface484_Porsche_911GT3TouringRewardRecycled_2022_Wheel1A_3D_3DWheel2C_Material_0
13:33:13 | INFO: Blender create Mesh node polySurface485_Porsche_911GT3TouringRewardRecycled_2022_Wheel1A_3D_3DWheel2C_Material_0
13:33:13 | INFO: Blender create Mesh node polySurface486_Porsche_911GT3TouringRewardRecycled_2022_Wheel1A_3D_3DWheel2C_Material_0
13:33:13 | INFO: Blender create Mesh node polySurface487_Porsche_911GT3TouringRewardRecycled_2022_Wheel1A_3D_3DWheel2C_Material_0
13:33:13 | INFO: Blender create Mesh node polySurface488_Porsche_911GT3TouringRewardRecycled_2022_Wheel1A_3D_3DWheel2C_Material_0
13:33:13 | INFO: Blender create Mesh node polySurface489_Porsche_911GT3TouringRewardRecycled_2022_Wheel1A_3D_3DWheel2C_Material_0
13:33:13 | INFO: Blender create Mesh node polySurface490_Porsche_911GT3TouringRewardRecycled_2022_Wheel1A_3D_3DWheel2C_Material_0
13:33:13 | INFO: Blender create Mesh node polySurface491_Porsche_911GT3TouringRewardRecycled_2022_Wheel1A_3D_3DWheel2C_Material_0
13:33:13 | INFO: Blender create Mesh node polySurface492_Porsche_911GT3TouringRewardRecycled_2022_Wheel1A_3D_3DWheel2C_Material_0
13:33:13 | INFO: Blender create Mesh node polySurface493_Porsche_911GT3TouringRewardRecycled_2022_Wheel1A_3D_3DWheel2C_Material_0
13:33:13 | INFO: Blender create Mesh node polySurface494_Porsche_911GT3TouringRewardRecycled_2022_Wheel1A_3D_3DWheel2C_Material_0
13:33:13 | INFO: Blender create Mesh node polySurface495_Porsche_911GT3TouringRewardRecycled_2022_Wheel1A_3D_3DWheel2C_Material_0
13:33:13 | INFO: Blender create Mesh node polySurface496_Porsche_911GT3TouringRewardRecycled_2022_Wheel1A_3D_3DWheel2C_Material_0
13:33:13 | INFO: Blender create Mesh node polySurface497_Porsche_911GT3TouringRewardRecycled_2022_Wheel1A_3D_3DWheel2C_Material_0
13:33:13 | INFO: Blender create Mesh node polySurface498_Porsche_911GT3TouringRewardRecycled_2022_Wheel1A_3D_3DWheel2C_Material_0
13:33:13 | INFO: Blender create Mesh node polySurface499_Porsche_911GT3TouringRewardRecycled_2022_Wheel1A_3D_3DWheel2C_Material_0
13:33:13 | INFO: Blender create Mesh node polySurface500_Porsche_911GT3TouringRewardRecycled_2022_Wheel1A_3D_3DWheel2C_Material_0
13:33:13 | INFO: Blender create Mesh node polySurface501_Porsche_911GT3TouringRewardRecycled_2022_Wheel1A_3D_3DWheel2C_Material_0
13:33:13 | INFO: Blender create Mesh node polySurface502_Porsche_911GT3TouringRewardRecycled_2022_Wheel1A_3D_3DWheel2C_Material_0
13:33:13 | INFO: Blender create Mesh node polySurface503_Porsche_911GT3TouringRewardRecycled_2022_Wheel1A_3D_3DWheel2C_Material_0
13:33:13 | INFO: Blender create Mesh node polySurface504_Porsche_911GT3TouringRewardRecycled_2022_Wheel1A_3D_3DWheel2C_Material_0
13:33:13 | INFO: Blender create Mesh node polySurface505_Porsche_911GT3TouringRewardRecycled_2022_Wheel1A_3D_3DWheel2C_Material_0
13:33:13 | INFO: Blender create Mesh node polySurface506_Porsche_911GT3TouringRewardRecycled_2022_Wheel1A_3D_3DWheel2C_Material_0
13:33:13 | INFO: Blender create Mesh node polySurface507_Porsche_911GT3TouringRewardRecycled_2022_Wheel1A_3D_3DWheel2C_Material_0
13:33:13 | INFO: Blender create Mesh node polySurface508_Porsche_911GT3TouringRewardRecycled_2022_Wheel1A_3D_3DWheel2C_Material_0
13:33:13 | INFO: Blender create Mesh node polySurface509_Porsche_911GT3TouringRewardRecycled_2022_Wheel1A_3D_3DWheel2C_Material_0
13:33:13 | INFO: Blender create Mesh node polySurface510_Porsche_911GT3TouringRewardRecycled_2022_Wheel1A_3D_3DWheel2C_Material_0
13:33:13 | INFO: Blender create Mesh node polySurface511_Porsche_911GT3TouringRewardRecycled_2022_Wheel1A_3D_3DWheel2C_Material_0
13:33:13 | INFO: Blender create Mesh node polySurface512_Porsche_911GT3TouringRewardRecycled_2022_Wheel1A_3D_3DWheel2C_Material_0
13:33:13 | INFO: Blender create Mesh node polySurface513_Porsche_911GT3TouringRewardRecycled_2022_Wheel1A_3D_3DWheel2C_Material_0
13:33:13 | INFO: Blender create Mesh node polySurface514_Porsche_911GT3TouringRewardRecycled_2022_Wheel1A_3D_3DWheel2C_Material_0
13:33:13 | INFO: Blender create Mesh node polySurface515_Porsche_911GT3TouringRewardRecycled_2022_Wheel1A_3D_3DWheel2C_Material_0
13:33:13 | INFO: Blender create Mesh node polySurface516_Porsche_911GT3TouringRewardRecycled_2022_Wheel1A_3D_3DWheel2C_Material_0
13:33:13 | INFO: Blender create Mesh node polySurface517_Porsche_911GT3TouringRewardRecycled_2022_Wheel1A_3D_3DWheel2C_Material_0
13:33:13 | INFO: Blender create Mesh node polySurface518_Porsche_911GT3TouringRewardRecycled_2022_Wheel1A_3D_3DWheel2C_Material_0
13:33:13 | INFO: Blender create Mesh node polySurface519_Porsche_911GT3TouringRewardRecycled_2022_Wheel1A_3D_3DWheel2C_Material_0
13:33:13 | INFO: Blender create Mesh node polySurface520_Porsche_911GT3TouringRewardRecycled_2022_Wheel1A_3D_3DWheel2C_Material_0
13:33:13 | INFO: Blender create Mesh node polySurface521_Porsche_911GT3TouringRewardRecycled_2022_Wheel1A_3D_3DWheel2C_Material_0
13:33:13 | INFO: Blender create Mesh node polySurface522_Porsche_911GT3TouringRewardRecycled_2022_Wheel1A_3D_3DWheel2C_Material_0
13:33:13 | INFO: Blender create Mesh node polySurface523_Porsche_911GT3TouringRewardRecycled_2022_Wheel1A_3D_3DWheel2C_Material_0
13:33:13 | INFO: Blender create Mesh node polySurface524_Porsche_911GT3TouringRewardRecycled_2022_Wheel1A_3D_3DWheel2C_Material_0
13:33:13 | INFO: Blender create Mesh node polySurface525_Porsche_911GT3TouringRewardRecycled_2022_Wheel1A_3D_3DWheel2C_Material_0
13:33:13 | INFO: Blender create Mesh node polySurface526_Porsche_911GT3TouringRewardRecycled_2022_Wheel1A_3D_3DWheel2C_Material_0
13:33:13 | INFO: Blender create Mesh node polySurface527_Porsche_911GT3TouringRewardRecycled_2022_Wheel1A_3D_3DWheel2C_Material_0
13:33:13 | INFO: Blender create Mesh node polySurface528_Porsche_911GT3TouringRewardRecycled_2022_Wheel1A_3D_3DWheel2C_Material_0
13:33:13 | INFO: Blender create Mesh node polySurface529_Porsche_911GT3TouringRewardRecycled_2022_Wheel1A_3D_3DWheel2C_Material_0
13:33:13 | INFO: Blender create Mesh node polySurface530_Porsche_911GT3TouringRewardRecycled_2022_Wheel1A_3D_3DWheel2C_Material_0
13:33:13 | INFO: Blender create Mesh node polySurface531_Porsche_911GT3TouringRewardRecycled_2022_Wheel1A_3D_3DWheel2C_Material_0
13:33:13 | INFO: Blender create Mesh node polySurface532_Porsche_911GT3TouringRewardRecycled_2022_Wheel1A_3D_3DWheel2C_Material_0
13:33:13 | INFO: Blender create Mesh node polySurface533_Porsche_911GT3TouringRewardRecycled_2022_Wheel1A_3D_3DWheel2C_Material_0
13:33:13 | INFO: Blender create Mesh node polySurface534_Porsche_911GT3TouringRewardRecycled_2022_Wheel1A_3D_3DWheel2C_Material_0
13:33:13 | INFO: Blender create Mesh node polySurface535_Porsche_911GT3TouringRewardRecycled_2022_Wheel1A_3D_3DWheel2C_Material_0
13:33:13 | INFO: Blender create Mesh node polySurface536_Porsche_911GT3TouringRewardRecycled_2022_Wheel1A_3D_3DWheel2C_Material_0
13:33:13 | INFO: Blender create Mesh node polySurface537_Porsche_911GT3TouringRewardRecycled_2022_Wheel1A_3D_3DWheel2C_Material_0
13:33:13 | INFO: Blender create Mesh node polySurface538_Porsche_911GT3TouringRewardRecycled_2022_Wheel1A_3D_3DWheel2C_Material_0
13:33:13 | INFO: Blender create Mesh node polySurface539_Porsche_911GT3TouringRewardRecycled_2022_Wheel1A_3D_3DWheel2C_Material_0
13:33:13 | INFO: Blender create Mesh node polySurface540_Porsche_911GT3TouringRewardRecycled_2022_Wheel1A_3D_3DWheel2C_Material_0
13:33:13 | INFO: Blender create Mesh node polySurface541_Porsche_911GT3TouringRewardRecycled_2022_Wheel1A_3D_3DWheel2C_Material_0
13:33:13 | INFO: Blender create Mesh node polySurface542_Porsche_911GT3TouringRewardRecycled_2022_Wheel1A_3D_3DWheel2C_Material_0
13:33:13 | INFO: Blender create Mesh node polySurface543_Porsche_911GT3TouringRewardRecycled_2022_Wheel1A_3D_3DWheel2C_Material_0
13:33:13 | INFO: Blender create Mesh node polySurface544_Porsche_911GT3TouringRewardRecycled_2022_Wheel1A_3D_3DWheel2C_Material_0
13:33:13 | INFO: Blender create Mesh node polySurface545_Porsche_911GT3TouringRewardRecycled_2022_Wheel1A_3D_3DWheel2C_Material_0
13:33:13 | INFO: Blender create Mesh node polySurface546_Porsche_911GT3TouringRewardRecycled_2022_Wheel1A_3D_3DWheel2C_Material_0
13:33:13 | INFO: Blender create Mesh node polySurface547_Porsche_911GT3TouringRewardRecycled_2022_Wheel1A_3D_3DWheel2C_Material_0
13:33:13 | INFO: Blender create Mesh node polySurface548_Porsche_911GT3TouringRewardRecycled_2022_Wheel1A_3D_3DWheel2C_Material_0
13:33:13 | INFO: Blender create Mesh node polySurface549_Porsche_911GT3TouringRewardRecycled_2022_Wheel1A_3D_3DWheel2C_Material_0
13:33:13 | INFO: Blender create Mesh node polySurface550_Porsche_911GT3TouringRewardRecycled_2022_Wheel1A_3D_3DWheel2C_Material_0
13:33:13 | INFO: Blender create Mesh node polySurface551_Porsche_911GT3TouringRewardRecycled_2022_Wheel1A_3D_3DWheel2C_Material_0
13:33:13 | INFO: Blender create Mesh node polySurface552_Porsche_911GT3TouringRewardRecycled_2022_Wheel1A_3D_3DWheel2C_Material_0
13:33:13 | INFO: Blender create Mesh node polySurface553_Porsche_911GT3TouringRewardRecycled_2022_Wheel1A_3D_3DWheel2C_Material_0
13:33:13 | INFO: Blender create Mesh node polySurface554_Porsche_911GT3TouringRewardRecycled_2022_Wheel1A_3D_3DWheel2C_Material_0
13:33:13 | INFO: Blender create Mesh node polySurface555_Porsche_911GT3TouringRewardRecycled_2022_Wheel1A_3D_3DWheel2C_Material_0
13:33:13 | INFO: Blender create Mesh node polySurface556_Porsche_911GT3TouringRewardRecycled_2022_Wheel1A_3D_3DWheel2C_Material_0
13:33:13 | INFO: Blender create Mesh node polySurface557_Porsche_911GT3TouringRewardRecycled_2022_Wheel1A_3D_3DWheel2C_Material_0
13:33:13 | INFO: Blender create Mesh node polySurface558_Porsche_911GT3TouringRewardRecycled_2022_Wheel1A_3D_3DWheel2C_Material_0
13:33:13 | INFO: Blender create Mesh node polySurface559_Porsche_911GT3TouringRewardRecycled_2022_Wheel1A_3D_3DWheel2C_Material_0
13:33:13 | INFO: Blender create Mesh node polySurface560_Porsche_911GT3TouringRewardRecycled_2022_Wheel1A_3D_3DWheel2C_Material_0
13:33:13 | INFO: Blender create Mesh node polySurface561_Porsche_911GT3TouringRewardRecycled_2022_Wheel1A_3D_3DWheel2C_Material_0
13:33:13 | INFO: Blender create Mesh node polySurface562_Porsche_911GT3TouringRewardRecycled_2022_Wheel1A_3D_3DWheel2C_Material_0
13:33:13 | INFO: Blender create Mesh node polySurface563_Porsche_911GT3TouringRewardRecycled_2022_Wheel1A_3D_3DWheel2C_Material_0
13:33:13 | INFO: Blender create Mesh node polySurface564_Porsche_911GT3TouringRewardRecycled_2022_Wheel1A_3D_3DWheel2C_Material_0
13:33:13 | INFO: Blender create Mesh node polySurface565_Porsche_911GT3TouringRewardRecycled_2022_Wheel1A_3D_3DWheel2C_Material_0
13:33:13 | INFO: Blender create Mesh node polySurface566_Porsche_911GT3TouringRewardRecycled_2022_Wheel1A_3D_3DWheel2C_Material_0
13:33:13 | INFO: Blender create Mesh node polySurface567_Porsche_911GT3TouringRewardRecycled_2022_Wheel1A_3D_3DWheel2C_Material_0
13:33:13 | INFO: Blender create Mesh node polySurface568_Porsche_911GT3TouringRewardRecycled_2022_Wheel1A_3D_3DWheel2C_Material_0
13:33:13 | INFO: Blender create Mesh node polySurface569_Porsche_911GT3TouringRewardRecycled_2022_Wheel1A_3D_3DWheel2C_Material_0
13:33:13 | INFO: Blender create Mesh node polySurface570_Porsche_911GT3TouringRewardRecycled_2022_Wheel1A_3D_3DWheel2C_Material_0
13:33:13 | INFO: Blender create Mesh node polySurface571_Porsche_911GT3TouringRewardRecycled_2022_Wheel1A_3D_3DWheel2C_Material_0
13:33:13 | INFO: Blender create Mesh node polySurface572_Porsche_911GT3TouringRewardRecycled_2022_Wheel1A_3D_3DWheel2C_Material_0
13:33:13 | INFO: Blender create Mesh node polySurface573_Porsche_911GT3TouringRewardRecycled_2022_Wheel1A_3D_3DWheel2C_Material_0
13:33:13 | INFO: Blender create Mesh node polySurface574_Porsche_911GT3TouringRewardRecycled_2022_Wheel1A_3D_3DWheel2C_Material_0
13:33:13 | INFO: Blender create Mesh node polySurface575_Porsche_911GT3TouringRewardRecycled_2022_Wheel1A_3D_3DWheel2C_Material_0
13:33:13 | INFO: Blender create Mesh node polySurface576_Porsche_911GT3TouringRewardRecycled_2022_Wheel1A_3D_3DWheel2C_Material_0
13:33:13 | INFO: Blender create Mesh node polySurface577_Porsche_911GT3TouringRewardRecycled_2022_Wheel1A_3D_3DWheel2C_Material_0
13:33:13 | INFO: Blender create Mesh node polySurface578_Porsche_911GT3TouringRewardRecycled_2022_Wheel1A_3D_3DWheel2C_Material_0
13:33:13 | INFO: Blender create Mesh node polySurface579_Porsche_911GT3TouringRewardRecycled_2022_Wheel1A_3D_3DWheel2C_Material_0
13:33:13 | INFO: Blender create Mesh node polySurface580_Porsche_911GT3TouringRewardRecycled_2022_Wheel1A_3D_3DWheel2C_Material_0
13:33:13 | INFO: Blender create Mesh node polySurface581_Porsche_911GT3TouringRewardRecycled_2022_Wheel1A_3D_3DWheel2C_Material_0
13:33:13 | INFO: Blender create Mesh node polySurface582_Porsche_911GT3TouringRewardRecycled_2022_Wheel1A_3D_3DWheel2C_Material_0
13:33:13 | INFO: Blender create Mesh node polySurface583_Porsche_911GT3TouringRewardRecycled_2022_Wheel1A_3D_3DWheel2C_Material_0
13:33:13 | INFO: Blender create Mesh node polySurface584_Porsche_911GT3TouringRewardRecycled_2022_Wheel1A_3D_3DWheel2C_Material_0
13:33:13 | INFO: Blender create Mesh node polySurface585_Porsche_911GT3TouringRewardRecycled_2022_Wheel1A_3D_3DWheel2C_Material_0
13:33:13 | INFO: Blender create Mesh node polySurface586_Porsche_911GT3TouringRewardRecycled_2022_Wheel1A_3D_3DWheel2C_Material_0
13:33:13 | INFO: Blender create Mesh node polySurface587_Porsche_911GT3TouringRewardRecycled_2022_Wheel1A_3D_3DWheel2C_Material_0
13:33:13 | INFO: Blender create Mesh node polySurface588_Porsche_911GT3TouringRewardRecycled_2022_Wheel1A_3D_3DWheel2C_Material_0
13:33:13 | INFO: Blender create Mesh node polySurface589_Porsche_911GT3TouringRewardRecycled_2022_Wheel1A_3D_3DWheel2C_Material_0
13:33:13 | INFO: Blender create Mesh node polySurface590_Porsche_911GT3TouringRewardRecycled_2022_Wheel1A_3D_3DWheel2C_Material_0
13:33:13 | INFO: Blender create Mesh node polySurface591_Porsche_911GT3TouringRewardRecycled_2022_Wheel1A_3D_3DWheel2C_Material_0
13:33:13 | INFO: Blender create Mesh node polySurface592_Porsche_911GT3TouringRewardRecycled_2022_Wheel1A_3D_3DWheel2C_Material_0
13:33:13 | INFO: Blender create Mesh node polySurface593_Porsche_911GT3TouringRewardRecycled_2022_Wheel1A_3D_3DWheel2C_Material_0
13:33:13 | INFO: Blender create Mesh node polySurface594_Porsche_911GT3TouringRewardRecycled_2022_Wheel1A_3D_3DWheel2C_Material_0
13:33:13 | INFO: Blender create Mesh node polySurface595_Porsche_911GT3TouringRewardRecycled_2022_Wheel1A_3D_3DWheel2C_Material_0
13:33:13 | INFO: Blender create Mesh node polySurface596_Porsche_911GT3TouringRewardRecycled_2022_Wheel1A_3D_3DWheel2C_Material_0
13:33:13 | INFO: Blender create Mesh node polySurface597_Porsche_911GT3TouringRewardRecycled_2022_Wheel1A_3D_3DWheel2C_Material_0
13:33:13 | INFO: Blender create Mesh node polySurface598_Porsche_911GT3TouringRewardRecycled_2022_Wheel1A_3D_3DWheel2C_Material_0
13:33:13 | INFO: Blender create Mesh node polySurface599_Porsche_911GT3TouringRewardRecycled_2022_Wheel1A_3D_3DWheel2C_Material_0
13:33:13 | INFO: Blender create Mesh node polySurface600_Porsche_911GT3TouringRewardRecycled_2022_Wheel1A_3D_3DWheel2C_Material_0
13:33:13 | INFO: Blender create Mesh node polySurface601_Porsche_911GT3TouringRewardRecycled_2022_Wheel1A_3D_3DWheel2C_Material_0
13:33:13 | INFO: Blender create Mesh node polySurface602_Porsche_911GT3TouringRewardRecycled_2022_Wheel1A_3D_3DWheel2C_Material_0
13:33:13 | INFO: Blender create Mesh node polySurface603_Porsche_911GT3TouringRewardRecycled_2022_Wheel1A_3D_3DWheel2C_Material_0
13:33:13 | INFO: Blender create Mesh node polySurface604_Porsche_911GT3TouringRewardRecycled_2022_Wheel1A_3D_3DWheel2C_Material_0
13:33:13 | INFO: Blender create Mesh node polySurface605_Porsche_911GT3TouringRewardRecycled_2022_Wheel1A_3D_3DWheel2C_Material_0
13:33:13 | INFO: Blender create Mesh node polySurface606_Porsche_911GT3TouringRewardRecycled_2022_Wheel1A_3D_3DWheel2C_Material_0
13:33:13 | INFO: Blender create Mesh node polySurface607_Porsche_911GT3TouringRewardRecycled_2022_Wheel1A_3D_3DWheel2C_Material_0
13:33:13 | INFO: Blender create Mesh node polySurface608_Porsche_911GT3TouringRewardRecycled_2022_Wheel1A_3D_3DWheel2C_Material_0
13:33:13 | INFO: Blender create Mesh node polySurface609_Porsche_911GT3TouringRewardRecycled_2022_Wheel1A_3D_3DWheel2C_Material_0
13:33:13 | INFO: Blender create Mesh node polySurface610_Porsche_911GT3TouringRewardRecycled_2022_Wheel1A_3D_3DWheel2C_Material_0
13:33:13 | INFO: Blender create Mesh node polySurface611_Porsche_911GT3TouringRewardRecycled_2022_Wheel1A_3D_3DWheel2C_Material_0
13:33:13 | INFO: Blender create Mesh node polySurface612_Porsche_911GT3TouringRewardRecycled_2022_Wheel1A_3D_3DWheel2C_Material_0
13:33:13 | INFO: Blender create Mesh node polySurface613_Porsche_911GT3TouringRewardRecycled_2022_Wheel1A_3D_3DWheel2C_Material_0
13:33:13 | INFO: Blender create Mesh node polySurface614_Porsche_911GT3TouringRewardRecycled_2022_Wheel1A_3D_3DWheel2C_Material_0
13:33:13 | INFO: Blender create Mesh node polySurface615_Porsche_911GT3TouringRewardRecycled_2022_Wheel1A_3D_3DWheel2C_Material_0
13:33:13 | INFO: Blender create Mesh node polySurface616_Porsche_911GT3TouringRewardRecycled_2022_Wheel1A_3D_3DWheel2C_Material_0
13:33:13 | INFO: Blender create Mesh node polySurface617_Porsche_911GT3TouringRewardRecycled_2022_Wheel1A_3D_3DWheel2C_Material_0
13:33:13 | INFO: Blender create Mesh node polySurface618_Porsche_911GT3TouringRewardRecycled_2022_Wheel1A_3D_3DWheel2C_Material_0
13:33:13 | INFO: Blender create Mesh node polySurface619_Porsche_911GT3TouringRewardRecycled_2022_Wheel1A_3D_3DWheel2C_Material_0
13:33:13 | INFO: Blender create Mesh node polySurface620_Porsche_911GT3TouringRewardRecycled_2022_Wheel1A_3D_3DWheel2C_Material_0
13:33:13 | INFO: Blender create Mesh node polySurface621_Porsche_911GT3TouringRewardRecycled_2022_Wheel1A_3D_3DWheel2C_Material_0
13:33:13 | INFO: Blender create Mesh node polySurface622_Porsche_911GT3TouringRewardRecycled_2022_Wheel1A_3D_3DWheel2C_Material_0
13:33:13 | INFO: Blender create Mesh node polySurface623_Porsche_911GT3TouringRewardRecycled_2022_Wheel1A_3D_3DWheel2C_Material_0
13:33:13 | INFO: Blender create Mesh node polySurface624_Porsche_911GT3TouringRewardRecycled_2022_Wheel1A_3D_3DWheel2C_Material_0
13:33:13 | INFO: Blender create Mesh node polySurface625_Porsche_911GT3TouringRewardRecycled_2022_Wheel1A_3D_3DWheel2C_Material_0
13:33:13 | INFO: Blender create Mesh node polySurface626_Porsche_911GT3TouringRewardRecycled_2022_Wheel1A_3D_3DWheel2C_Material_0
13:33:13 | INFO: Blender create Mesh node polySurface627_Porsche_911GT3TouringRewardRecycled_2022_Wheel1A_3D_3DWheel2C_Material_0
13:33:13 | INFO: Blender create Mesh node polySurface628_Porsche_911GT3TouringRewardRecycled_2022_Wheel1A_3D_3DWheel2C_Material_0
13:33:13 | INFO: Blender create Mesh node polySurface629_Porsche_911GT3TouringRewardRecycled_2022_Wheel1A_3D_3DWheel2C_Material_0
13:33:13 | INFO: Blender create Mesh node polySurface630_Porsche_911GT3TouringRewardRecycled_2022_Wheel1A_3D_3DWheel2C_Material_0
13:33:13 | INFO: Blender create Mesh node polySurface631_Porsche_911GT3TouringRewardRecycled_2022_Wheel1A_3D_3DWheel2C_Material_0
13:33:13 | INFO: Blender create Mesh node polySurface632_Porsche_911GT3TouringRewardRecycled_2022_Wheel1A_3D_3DWheel2C_Material_0
13:33:13 | INFO: Blender create Mesh node polySurface633_Porsche_911GT3TouringRewardRecycled_2022_Wheel1A_3D_3DWheel2C_Material_0
13:33:13 | INFO: Blender create Mesh node polySurface634_Porsche_911GT3TouringRewardRecycled_2022_Wheel1A_3D_3DWheel2C_Material_0
13:33:13 | INFO: Blender create Mesh node polySurface635_Porsche_911GT3TouringRewardRecycled_2022_Wheel1A_3D_3DWheel2C_Material_0
13:33:13 | INFO: Blender create Mesh node polySurface636_Porsche_911GT3TouringRewardRecycled_2022_Wheel1A_3D_3DWheel2C_Material_0
13:33:13 | INFO: Blender create Mesh node polySurface637_Porsche_911GT3TouringRewardRecycled_2022_Wheel1A_3D_3DWheel2C_Material_0
13:33:13 | INFO: Blender create Mesh node polySurface638_Porsche_911GT3TouringRewardRecycled_2022_Wheel1A_3D_3DWheel2C_Material_0
13:33:13 | INFO: Blender create Mesh node polySurface639_Porsche_911GT3TouringRewardRecycled_2022_Wheel1A_3D_3DWheel2C_Material_0
13:33:13 | INFO: Blender create Mesh node polySurface640_Porsche_911GT3TouringRewardRecycled_2022_Wheel1A_3D_3DWheel2C_Material_0
13:33:13 | INFO: Blender create Mesh node polySurface641_Porsche_911GT3TouringRewardRecycled_2022_Wheel1A_3D_3DWheel2C_Material_0
13:33:13 | INFO: Blender create Mesh node polySurface642_Porsche_911GT3TouringRewardRecycled_2022_Wheel1A_3D_3DWheel2C_Material_0
13:33:13 | INFO: Blender create Mesh node polySurface643_Porsche_911GT3TouringRewardRecycled_2022_Wheel1A_3D_3DWheel2C_Material_0
13:33:13 | INFO: Blender create Mesh node polySurface644_Porsche_911GT3TouringRewardRecycled_2022_Wheel1A_3D_3DWheel2C_Material_0
13:33:13 | INFO: Blender create Mesh node polySurface645_Porsche_911GT3TouringRewardRecycled_2022_Wheel1A_3D_3DWheel2C_Material_0
13:33:13 | INFO: Blender create Mesh node polySurface646_Porsche_911GT3TouringRewardRecycled_2022_Wheel1A_3D_3DWheel2C_Material_0
13:33:13 | INFO: Blender create Mesh node polySurface647_Porsche_911GT3TouringRewardRecycled_2022_Wheel1A_3D_3DWheel2C_Material_0
13:33:13 | INFO: Blender create Mesh node polySurface648_Porsche_911GT3TouringRewardRecycled_2022_Wheel1A_3D_3DWheel2C_Material_0
13:33:13 | INFO: Blender create Mesh node polySurface649_Porsche_911GT3TouringRewardRecycled_2022_Wheel1A_3D_3DWheel2C_Material_0
13:33:13 | INFO: Blender create Mesh node polySurface650_Porsche_911GT3TouringRewardRecycled_2022_Wheel1A_3D_3DWheel2C_Material_0
13:33:13 | INFO: Blender create Mesh node polySurface651_Porsche_911GT3TouringRewardRecycled_2022_Wheel1A_3D_3DWheel2C_Material_0
13:33:13 | INFO: Blender create Mesh node polySurface652_Porsche_911GT3TouringRewardRecycled_2022_Wheel1A_3D_3DWheel2C_Material_0
13:33:13 | INFO: Blender create Mesh node polySurface653_Porsche_911GT3TouringRewardRecycled_2022_Wheel1A_3D_3DWheel2C_Material_0
13:33:13 | INFO: Blender create Mesh node polySurface654_Porsche_911GT3TouringRewardRecycled_2022_Wheel1A_3D_3DWheel2C_Material_0
13:33:13 | INFO: Blender create Mesh node polySurface655_Porsche_911GT3TouringRewardRecycled_2022_Wheel1A_3D_3DWheel2C_Material_0
13:33:13 | INFO: Blender create Mesh node polySurface656_Porsche_911GT3TouringRewardRecycled_2022_Wheel1A_3D_3DWheel2C_Material_0
13:33:13 | INFO: Blender create Mesh node polySurface657_Porsche_911GT3TouringRewardRecycled_2022_Wheel1A_3D_3DWheel2C_Material_0
13:33:13 | INFO: Blender create Mesh node polySurface658_Porsche_911GT3TouringRewardRecycled_2022_Wheel1A_3D_3DWheel2C_Material_0
13:33:13 | INFO: Blender create Mesh node polySurface659_Porsche_911GT3TouringRewardRecycled_2022_Wheel1A_3D_3DWheel2C_Material_0
13:33:13 | INFO: Blender create Mesh node polySurface660_Porsche_911GT3TouringRewardRecycled_2022_Wheel1A_3D_3DWheel2C_Material_0
13:33:13 | INFO: Blender create Mesh node polySurface661_Porsche_911GT3TouringRewardRecycled_2022_Wheel1A_3D_3DWheel2C_Material_0
13:33:13 | INFO: Blender create Mesh node polySurface662_Porsche_911GT3TouringRewardRecycled_2022_Wheel1A_3D_3DWheel2C_Material_0
13:33:13 | INFO: Blender create Mesh node polySurface663_Porsche_911GT3TouringRewardRecycled_2022_Wheel1A_3D_3DWheel2C_Material_0
13:33:13 | INFO: Blender create Mesh node polySurface664_Porsche_911GT3TouringRewardRecycled_2022_Wheel1A_3D_3DWheel2C_Material_0
13:33:13 | INFO: Blender create Mesh node polySurface665_Porsche_911GT3TouringRewardRecycled_2022_Wheel1A_3D_3DWheel2C_Material_0
13:33:13 | INFO: Blender create Mesh node polySurface666_Porsche_911GT3TouringRewardRecycled_2022_Wheel1A_3D_3DWheel2C_Material_0
13:33:13 | INFO: Blender create Mesh node polySurface667_Porsche_911GT3TouringRewardRecycled_2022_Wheel1A_3D_3DWheel2C_Material_0
13:33:13 | INFO: Blender create Mesh node polySurface668_Porsche_911GT3TouringRewardRecycled_2022_Wheel1A_3D_3DWheel2C_Material_0
13:33:13 | INFO: Blender create Mesh node polySurface669_Porsche_911GT3TouringRewardRecycled_2022_Wheel1A_3D_3DWheel2C_Material_0
13:33:13 | INFO: Blender create Mesh node polySurface670_Porsche_911GT3TouringRewardRecycled_2022_Wheel1A_3D_3DWheel2C_Material_0
13:33:13 | INFO: Blender create Mesh node polySurface671_Porsche_911GT3TouringRewardRecycled_2022_Wheel1A_3D_3DWheel2C_Material_0
13:33:13 | INFO: Blender create Mesh node polySurface672_Porsche_911GT3TouringRewardRecycled_2022_Wheel1A_3D_3DWheel2C_Material_0
13:33:13 | INFO: Blender create Mesh node polySurface673_Porsche_911GT3TouringRewardRecycled_2022_Wheel1A_3D_3DWheel2C_Material_0
13:33:13 | INFO: Blender create Mesh node polySurface674_Porsche_911GT3TouringRewardRecycled_2022_Wheel1A_3D_3DWheel2C_Material_0
13:33:13 | INFO: Blender create Mesh node polySurface675_Porsche_911GT3TouringRewardRecycled_2022_Wheel1A_3D_3DWheel2C_Material_0
13:33:13 | INFO: Blender create Mesh node polySurface676_Porsche_911GT3TouringRewardRecycled_2022_Wheel1A_3D_3DWheel2C_Material_0
13:33:13 | INFO: Blender create Mesh node polySurface677_Porsche_911GT3TouringRewardRecycled_2022_Wheel1A_3D_3DWheel2C_Material_0
13:33:13 | INFO: Blender create Mesh node polySurface678_Porsche_911GT3TouringRewardRecycled_2022_Wheel1A_3D_3DWheel2C_Material_0
13:33:13 | INFO: Blender create Mesh node polySurface679_Porsche_911GT3TouringRewardRecycled_2022_Wheel1A_3D_3DWheel2C_Material_0
13:33:13 | INFO: Blender create Mesh node polySurface680_Porsche_911GT3TouringRewardRecycled_2022_Wheel1A_3D_3DWheel2C_Material_0
13:33:13 | INFO: Blender create Mesh node polySurface681_Porsche_911GT3TouringRewardRecycled_2022_Wheel1A_3D_3DWheel2C_Material_0
13:33:13 | INFO: Blender create Mesh node polySurface682_Porsche_911GT3TouringRewardRecycled_2022_Wheel1A_3D_3DWheel2C_Material_0
13:33:13 | INFO: Blender create Mesh node polySurface683_Porsche_911GT3TouringRewardRecycled_2022_Wheel1A_3D_3DWheel2C_Material_0
13:33:13 | INFO: Blender create Mesh node polySurface684_Porsche_911GT3TouringRewardRecycled_2022_Wheel1A_3D_3DWheel2C_Material_0
13:33:13 | INFO: Blender create Mesh node polySurface685_Porsche_911GT3TouringRewardRecycled_2022_Wheel1A_3D_3DWheel2C_Material_0
13:33:13 | INFO: Blender create Mesh node polySurface686_Porsche_911GT3TouringRewardRecycled_2022_Wheel1A_3D_3DWheel2C_Material_0
13:33:13 | INFO: Blender create Mesh node polySurface687_Porsche_911GT3TouringRewardRecycled_2022_Wheel1A_3D_3DWheel2C_Material_0
13:33:13 | INFO: Blender create Mesh node polySurface688_Porsche_911GT3TouringRewardRecycled_2022_Wheel1A_3D_3DWheel2C_Material_0
13:33:13 | INFO: Blender create Mesh node polySurface689_Porsche_911GT3TouringRewardRecycled_2022_Wheel1A_3D_3DWheel2C_Material_0
13:33:13 | INFO: Blender create Mesh node polySurface690_Porsche_911GT3TouringRewardRecycled_2022_Wheel1A_3D_3DWheel2C_Material_0
13:33:13 | INFO: Blender create Mesh node polySurface691_Porsche_911GT3TouringRewardRecycled_2022_Wheel1A_3D_3DWheel2C_Material_0
13:33:13 | INFO: Blender create Mesh node polySurface692_Porsche_911GT3TouringRewardRecycled_2022_Wheel1A_3D_3DWheel2C_Material_0
13:33:13 | INFO: Blender create Mesh node polySurface693_Porsche_911GT3TouringRewardRecycled_2022_Wheel1A_3D_3DWheel2C_Material_0
13:33:13 | INFO: Blender create Mesh node polySurface694_Porsche_911GT3TouringRewardRecycled_2022_Wheel1A_3D_3DWheel2C_Material_0
13:33:13 | INFO: Blender create Mesh node polySurface695_Porsche_911GT3TouringRewardRecycled_2022_Wheel1A_3D_3DWheel2C_Material_0
13:33:13 | INFO: Blender create Mesh node polySurface696_Porsche_911GT3TouringRewardRecycled_2022_Wheel1A_3D_3DWheel2C_Material_0
13:33:13 | INFO: Blender create Mesh node polySurface697_Porsche_911GT3TouringRewardRecycled_2022_Wheel1A_3D_3DWheel2C_Material_0
13:33:13 | INFO: Blender create Mesh node polySurface698_Porsche_911GT3TouringRewardRecycled_2022_Wheel1A_3D_3DWheel2C_Material_0
13:33:13 | INFO: Blender create Mesh node polySurface699_Porsche_911GT3TouringRewardRecycled_2022_Wheel1A_3D_3DWheel2C_Material_0
13:33:13 | INFO: Blender create Mesh node polySurface700_Porsche_911GT3TouringRewardRecycled_2022_Wheel1A_3D_3DWheel2C_Material_0
13:33:13 | INFO: Blender create Mesh node polySurface701_Porsche_911GT3TouringRewardRecycled_2022_Wheel1A_3D_3DWheel2C_Material_0
13:33:13 | INFO: Blender create Mesh node polySurface702_Porsche_911GT3TouringRewardRecycled_2022_Wheel1A_3D_3DWheel2C_Material_0
13:33:13 | INFO: Blender create Mesh node polySurface703_Porsche_911GT3TouringRewardRecycled_2022_Wheel1A_3D_3DWheel2C_Material_0
13:33:13 | INFO: Blender create Mesh node polySurface704_Porsche_911GT3TouringRewardRecycled_2022_Wheel1A_3D_3DWheel2C_Material_0
13:33:13 | INFO: Blender create Mesh node polySurface705_Porsche_911GT3TouringRewardRecycled_2022_Wheel1A_3D_3DWheel2C_Material_0
13:33:13 | INFO: Blender create Mesh node polySurface706_Porsche_911GT3TouringRewardRecycled_2022_Wheel1A_3D_3DWheel2C_Material_0
13:33:13 | INFO: Blender create Mesh node polySurface707_Porsche_911GT3TouringRewardRecycled_2022_Wheel1A_3D_3DWheel2C_Material_0
13:33:13 | INFO: Blender create Mesh node polySurface708_Porsche_911GT3TouringRewardRecycled_2022_Wheel1A_3D_3DWheel2C_Material_0
13:33:13 | INFO: Blender create Mesh node polySurface709_Porsche_911GT3TouringRewardRecycled_2022_Wheel1A_3D_3DWheel2C_Material_0
13:33:13 | INFO: Blender create Mesh node polySurface710_Porsche_911GT3TouringRewardRecycled_2022_Wheel1A_3D_3DWheel2C_Material_0
13:33:13 | INFO: Blender create Mesh node polySurface711_Porsche_911GT3TouringRewardRecycled_2022_Wheel1A_3D_3DWheel2C_Material_0
13:33:13 | INFO: Blender create Mesh node polySurface712_Porsche_911GT3TouringRewardRecycled_2022_Wheel1A_3D_3DWheel2C_Material_0
13:33:13 | INFO: Blender create Mesh node polySurface713_Porsche_911GT3TouringRewardRecycled_2022_Wheel1A_3D_3DWheel2C_Material_0
13:33:13 | INFO: Blender create Mesh node polySurface714_Porsche_911GT3TouringRewardRecycled_2022_Wheel1A_3D_3DWheel2C_Material_0
13:33:13 | INFO: Blender create Mesh node polySurface715_Porsche_911GT3TouringRewardRecycled_2022_Wheel1A_3D_3DWheel2C_Material_0
13:33:13 | INFO: Blender create Mesh node polySurface716_Porsche_911GT3TouringRewardRecycled_2022_Wheel1A_3D_3DWheel2C_Material_0
13:33:13 | INFO: Blender create Mesh node polySurface717_Porsche_911GT3TouringRewardRecycled_2022_Wheel1A_3D_3DWheel2C_Material_0
13:33:13 | INFO: Blender create Mesh node polySurface718_Porsche_911GT3TouringRewardRecycled_2022_Wheel1A_3D_3DWheel2C_Material_0
13:33:13 | INFO: Blender create Mesh node polySurface719_Porsche_911GT3TouringRewardRecycled_2022_Wheel1A_3D_3DWheel2C_Material_0
13:33:13 | INFO: Blender create Mesh node polySurface720_Porsche_911GT3TouringRewardRecycled_2022_Wheel1A_3D_3DWheel2C_Material_0
13:33:13 | INFO: Blender create Mesh node polySurface721_Porsche_911GT3TouringRewardRecycled_2022_Wheel1A_3D_3DWheel2C_Material_0
13:33:13 | INFO: Blender create Mesh node polySurface722_Porsche_911GT3TouringRewardRecycled_2022_Wheel1A_3D_3DWheel2C_Material_0
13:33:13 | INFO: Blender create Mesh node polySurface723_Porsche_911GT3TouringRewardRecycled_2022_Wheel1A_3D_3DWheel2C_Material_0
13:33:13 | INFO: Blender create Mesh node polySurface724_Porsche_911GT3TouringRewardRecycled_2022_Wheel1A_3D_3DWheel2C_Material_0
13:33:13 | INFO: Blender create Mesh node polySurface725_Porsche_911GT3TouringRewardRecycled_2022_Wheel1A_3D_3DWheel2C_Material_0
13:33:13 | INFO: Blender create Mesh node polySurface726_Porsche_911GT3TouringRewardRecycled_2022_Wheel1A_3D_3DWheel2C_Material_0
13:33:13 | INFO: Blender create Mesh node polySurface727_Porsche_911GT3TouringRewardRecycled_2022_Wheel1A_3D_3DWheel2C_Material_0
13:33:13 | INFO: Blender create Mesh node polySurface728_Porsche_911GT3TouringRewardRecycled_2022_Wheel1A_3D_3DWheel2C_Material_0
13:33:13 | INFO: Blender create Mesh node polySurface729_Porsche_911GT3TouringRewardRecycled_2022_Wheel1A_3D_3DWheel2C_Material_0
13:33:13 | INFO: Blender create Mesh node polySurface730_Porsche_911GT3TouringRewardRecycled_2022_Wheel1A_3D_3DWheel2C_Material_0
13:33:13 | INFO: Blender create Mesh node polySurface731_Porsche_911GT3TouringRewardRecycled_2022_Wheel1A_3D_3DWheel2C_Material_0
13:33:13 | INFO: Blender create Mesh node polySurface732_Porsche_911GT3TouringRewardRecycled_2022_Wheel1A_3D_3DWheel2C_Material_0
13:33:13 | INFO: Blender create Mesh node polySurface733_Porsche_911GT3TouringRewardRecycled_2022_Wheel1A_3D_3DWheel2C_Material_0
13:33:13 | INFO: Blender create Mesh node polySurface734_Porsche_911GT3TouringRewardRecycled_2022_Wheel1A_3D_3DWheel2C_Material_0
13:33:13 | INFO: Blender create Mesh node polySurface735_Porsche_911GT3TouringRewardRecycled_2022_Wheel1A_3D_3DWheel2C_Material_0
13:33:13 | INFO: Blender create Mesh node polySurface736_Porsche_911GT3TouringRewardRecycled_2022_Wheel1A_3D_3DWheel2C_Material_0
13:33:13 | INFO: Blender create Mesh node polySurface737_Porsche_911GT3TouringRewardRecycled_2022_Wheel1A_3D_3DWheel2C_Material_0
13:33:13 | INFO: Blender create Mesh node polySurface738_Porsche_911GT3TouringRewardRecycled_2022_Wheel1A_3D_3DWheel2C_Material_0
13:33:13 | INFO: Blender create Mesh node polySurface739_Porsche_911GT3TouringRewardRecycled_2022_Wheel1A_3D_3DWheel2C_Material_0
13:33:13 | INFO: Blender create Mesh node polySurface740_Porsche_911GT3TouringRewardRecycled_2022_Wheel1A_3D_3DWheel2C_Material_0
13:33:13 | INFO: Blender create Mesh node polySurface741_Porsche_911GT3TouringRewardRecycled_2022_Wheel1A_3D_3DWheel2C_Material_0
13:33:13 | INFO: Blender create Mesh node polySurface742_Porsche_911GT3TouringRewardRecycled_2022_Wheel1A_3D_3DWheel2C_Material_0
13:33:13 | INFO: Blender create Mesh node polySurface743_Porsche_911GT3TouringRewardRecycled_2022_Wheel1A_3D_3DWheel2C_Material_0
13:33:13 | INFO: Blender create Mesh node polySurface744_Porsche_911GT3TouringRewardRecycled_2022_Wheel1A_3D_3DWheel2C_Material_0
13:33:13 | INFO: Blender create Mesh node polySurface745_Porsche_911GT3TouringRewardRecycled_2022_Wheel1A_3D_3DWheel2C_Material_0
13:33:13 | INFO: Blender create Mesh node polySurface746_Porsche_911GT3TouringRewardRecycled_2022_Wheel1A_3D_3DWheel2C_Material_0
13:33:13 | INFO: Blender create Mesh node polySurface747_Porsche_911GT3TouringRewardRecycled_2022_Wheel1A_3D_3DWheel2C_Material_0
13:33:13 | INFO: Blender create Mesh node polySurface748_Porsche_911GT3TouringRewardRecycled_2022_Wheel1A_3D_3DWheel2C_Material_0
13:33:13 | INFO: Blender create Mesh node polySurface749_Porsche_911GT3TouringRewardRecycled_2022_Wheel1A_3D_3DWheel2C_Material_0
13:33:13 | INFO: Blender create Mesh node polySurface750_Porsche_911GT3TouringRewardRecycled_2022_Wheel1A_3D_3DWheel2C_Material_0
13:33:13 | INFO: Blender create Mesh node polySurface751_Porsche_911GT3TouringRewardRecycled_2022_Wheel1A_3D_3DWheel2C_Material_0
13:33:13 | INFO: Blender create Mesh node polySurface752_Porsche_911GT3TouringRewardRecycled_2022_Wheel1A_3D_3DWheel2C_Material_0
13:33:13 | INFO: Blender create Mesh node polySurface753_Porsche_911GT3TouringRewardRecycled_2022_Wheel1A_3D_3DWheel2C_Material_0
13:33:13 | INFO: Blender create Mesh node polySurface754_Porsche_911GT3TouringRewardRecycled_2022_Wheel1A_3D_3DWheel2C_Material_0
13:33:13 | INFO: Blender create Mesh node polySurface755_Porsche_911GT3TouringRewardRecycled_2022_Wheel1A_3D_3DWheel2C_Material_0
13:33:13 | INFO: Blender create Mesh node polySurface756_Porsche_911GT3TouringRewardRecycled_2022_Wheel1A_3D_3DWheel2C_Material_0
13:33:14 | INFO: Blender create Mesh node polySurface757_Porsche_911GT3TouringRewardRecycled_2022_Wheel1A_3D_3DWheel2C_Material_0
13:33:14 | INFO: Blender create Mesh node polySurface758_Porsche_911GT3TouringRewardRecycled_2022_Wheel1A_3D_3DWheel2C_Material_0
13:33:14 | INFO: Blender create Mesh node polySurface759_Porsche_911GT3TouringRewardRecycled_2022_Wheel1A_3D_3DWheel2C_Material_0
13:33:14 | INFO: Blender create Mesh node polySurface760_Porsche_911GT3TouringRewardRecycled_2022_Wheel1A_3D_3DWheel2C_Material_0
13:33:14 | INFO: Blender create Mesh node polySurface761_Porsche_911GT3TouringRewardRecycled_2022_Wheel1A_3D_3DWheel2C_Material_0
13:33:14 | INFO: Blender create Mesh node polySurface762_Porsche_911GT3TouringRewardRecycled_2022_Wheel1A_3D_3DWheel2C_Material_0
13:33:14 | INFO: Blender create Mesh node polySurface763_Porsche_911GT3TouringRewardRecycled_2022_Wheel1A_3D_3DWheel2C_Material_0
13:33:14 | INFO: Blender create Mesh node polySurface764_Porsche_911GT3TouringRewardRecycled_2022_Wheel1A_3D_3DWheel2C_Material_0
13:33:14 | INFO: Blender create Mesh node polySurface765_Porsche_911GT3TouringRewardRecycled_2022_Wheel1A_3D_3DWheel2C_Material_0
13:33:14 | INFO: Blender create Mesh node polySurface766_Porsche_911GT3TouringRewardRecycled_2022_Wheel1A_3D_3DWheel2C_Material_0
13:33:14 | INFO: Blender create Mesh node polySurface767_Porsche_911GT3TouringRewardRecycled_2022_Wheel1A_3D_3DWheel2C_Material_0
13:33:14 | INFO: Blender create Mesh node polySurface768_Porsche_911GT3TouringRewardRecycled_2022_Wheel1A_3D_3DWheel2C_Material_0
13:33:14 | INFO: Blender create Mesh node polySurface769_Porsche_911GT3TouringRewardRecycled_2022_Wheel1A_3D_3DWheel2C_Material_0
13:33:14 | INFO: Blender create Mesh node polySurface770_Porsche_911GT3TouringRewardRecycled_2022_Wheel1A_3D_3DWheel2C_Material_0
13:33:14 | INFO: Blender create Mesh node polySurface771_Porsche_911GT3TouringRewardRecycled_2022_Wheel1A_3D_3DWheel2C_Material_0
13:33:14 | INFO: Blender create Mesh node polySurface772_Porsche_911GT3TouringRewardRecycled_2022_Wheel1A_3D_3DWheel2C_Material_0
13:33:14 | INFO: Blender create Mesh node polySurface773_Porsche_911GT3TouringRewardRecycled_2022_Wheel1A_3D_3DWheel2C_Material_0
13:33:14 | INFO: Blender create Mesh node polySurface774_Porsche_911GT3TouringRewardRecycled_2022_Wheel1A_3D_3DWheel2C_Material_0
13:33:14 | INFO: Blender create Mesh node polySurface775_Porsche_911GT3TouringRewardRecycled_2022_Wheel1A_3D_3DWheel2C_Material_0
13:33:14 | INFO: Blender create Mesh node polySurface776_Porsche_911GT3TouringRewardRecycled_2022_Wheel1A_3D_3DWheel2C_Material_0
13:33:14 | INFO: Blender create Mesh node polySurface777_Porsche_911GT3TouringRewardRecycled_2022_Wheel1A_3D_3DWheel2C_Material_0
13:33:14 | INFO: Blender create Mesh node polySurface778_Porsche_911GT3TouringRewardRecycled_2022_Wheel1A_3D_3DWheel2C_Material_0
13:33:14 | INFO: Blender create Mesh node polySurface779_Porsche_911GT3TouringRewardRecycled_2022_Wheel1A_3D_3DWheel2C_Material_0
13:33:14 | INFO: Blender create Mesh node polySurface780_Porsche_911GT3TouringRewardRecycled_2022_Wheel1A_3D_3DWheel2C_Material_0
13:33:14 | INFO: Blender create Mesh node polySurface781_Porsche_911GT3TouringRewardRecycled_2022_Wheel1A_3D_3DWheel2C_Material_0
13:33:14 | INFO: Blender create Mesh node polySurface782_Porsche_911GT3TouringRewardRecycled_2022_Wheel1A_3D_3DWheel2C_Material_0
13:33:14 | INFO: Blender create Mesh node polySurface783_Porsche_911GT3TouringRewardRecycled_2022_Wheel1A_3D_3DWheel2C_Material_0
13:33:14 | INFO: Blender create Mesh node polySurface784_Porsche_911GT3TouringRewardRecycled_2022_Wheel1A_3D_3DWheel2C_Material_0
13:33:14 | INFO: Blender create Mesh node polySurface785_Porsche_911GT3TouringRewardRecycled_2022_Wheel1A_3D_3DWheel2C_Material_0
13:33:14 | INFO: Blender create Mesh node polySurface786_Porsche_911GT3TouringRewardRecycled_2022_Wheel1A_3D_3DWheel2C_Material_0
13:33:14 | INFO: Blender create Mesh node polySurface787_Porsche_911GT3TouringRewardRecycled_2022_Wheel1A_3D_3DWheel2C_Material_0
13:33:14 | INFO: Blender create Mesh node polySurface788_Porsche_911GT3TouringRewardRecycled_2022_Wheel1A_3D_3DWheel2C_Material_0
13:33:14 | INFO: Blender create Mesh node polySurface789_Porsche_911GT3TouringRewardRecycled_2022_Wheel1A_3D_3DWheel2C_Material_0
13:33:14 | INFO: Blender create Mesh node polySurface790_Porsche_911GT3TouringRewardRecycled_2022_Wheel1A_3D_3DWheel2C_Material_0
13:33:14 | INFO: Blender create Mesh node polySurface791_Porsche_911GT3TouringRewardRecycled_2022_Wheel1A_3D_3DWheel2C_Material_0
13:33:14 | INFO: Blender create Mesh node polySurface792_Porsche_911GT3TouringRewardRecycled_2022_Wheel1A_3D_3DWheel2C_Material_0
13:33:14 | INFO: Blender create Mesh node polySurface793_Porsche_911GT3TouringRewardRecycled_2022_Wheel1A_3D_3DWheel2C_Material_0
13:33:14 | INFO: Blender create Mesh node polySurface794_Porsche_911GT3TouringRewardRecycled_2022_Wheel1A_3D_3DWheel2C_Material_0
13:33:14 | INFO: Blender create Mesh node polySurface795_Porsche_911GT3TouringRewardRecycled_2022_Wheel1A_3D_3DWheel2C_Material_0
13:33:14 | INFO: Blender create Mesh node polySurface796_Porsche_911GT3TouringRewardRecycled_2022_Wheel1A_3D_3DWheel2C_Material_0
13:33:14 | INFO: Blender create Mesh node polySurface797_Porsche_911GT3TouringRewardRecycled_2022_Wheel1A_3D_3DWheel2C_Material_0
13:33:14 | INFO: Blender create Mesh node polySurface798_Porsche_911GT3TouringRewardRecycled_2022_Wheel1A_3D_3DWheel2C_Material_0
13:33:14 | INFO: Blender create Mesh node polySurface799_Porsche_911GT3TouringRewardRecycled_2022_Wheel1A_3D_3DWheel2C_Material_0
13:33:14 | INFO: Blender create Mesh node polySurface800_Porsche_911GT3TouringRewardRecycled_2022_Wheel1A_3D_3DWheel2C_Material_0
13:33:14 | INFO: Blender create Mesh node polySurface801_Porsche_911GT3TouringRewardRecycled_2022_Wheel1A_3D_3DWheel2C_Material_0
13:33:14 | INFO: Blender create Mesh node polySurface802_Porsche_911GT3TouringRewardRecycled_2022_Wheel1A_3D_3DWheel2C_Material_0
13:33:14 | INFO: Blender create Mesh node polySurface803_Porsche_911GT3TouringRewardRecycled_2022_Wheel1A_3D_3DWheel2C_Material_0
13:33:14 | INFO: Blender create Mesh node polySurface804_Porsche_911GT3TouringRewardRecycled_2022_Wheel1A_3D_3DWheel2C_Material_0
13:33:14 | INFO: Blender create Mesh node polySurface805_Porsche_911GT3TouringRewardRecycled_2022_Wheel1A_3D_3DWheel2C_Material_0
13:33:14 | INFO: Blender create Mesh node polySurface806_Porsche_911GT3TouringRewardRecycled_2022_Wheel1A_3D_3DWheel2C_Material_0
13:33:14 | INFO: Blender create Mesh node polySurface807_Porsche_911GT3TouringRewardRecycled_2022_Wheel1A_3D_3DWheel2C_Material_0
13:33:14 | INFO: Blender create Mesh node polySurface808_Porsche_911GT3TouringRewardRecycled_2022_Wheel1A_3D_3DWheel2C_Material_0
13:33:14 | INFO: Blender create Mesh node polySurface809_Porsche_911GT3TouringRewardRecycled_2022_Wheel1A_3D_3DWheel2C_Material_0
13:33:14 | INFO: Blender create Mesh node polySurface810_Porsche_911GT3TouringRewardRecycled_2022_Wheel1A_3D_3DWheel2C_Material_0
13:33:14 | INFO: Blender create Mesh node polySurface811_Porsche_911GT3TouringRewardRecycled_2022_Wheel1A_3D_3DWheel2C_Material_0
13:33:14 | INFO: Blender create Mesh node polySurface812_Porsche_911GT3TouringRewardRecycled_2022_Wheel1A_3D_3DWheel2C_Material_0
13:33:14 | INFO: Blender create Mesh node polySurface813_Porsche_911GT3TouringRewardRecycled_2022_Wheel1A_3D_3DWheel2C_Material_0
13:33:14 | INFO: Blender create Mesh node polySurface814_Porsche_911GT3TouringRewardRecycled_2022_Wheel1A_3D_3DWheel2C_Material_0
13:33:14 | INFO: Blender create Mesh node polySurface815_Porsche_911GT3TouringRewardRecycled_2022_Wheel1A_3D_3DWheel2C_Material_0
13:33:14 | INFO: Blender create Mesh node polySurface816_Porsche_911GT3TouringRewardRecycled_2022_Wheel1A_3D_3DWheel2C_Material_0
13:33:14 | INFO: Blender create Mesh node polySurface817_Porsche_911GT3TouringRewardRecycled_2022_Wheel1A_3D_3DWheel2C_Material_0
13:33:14 | INFO: Blender create Mesh node polySurface818_Porsche_911GT3TouringRewardRecycled_2022_Wheel1A_3D_3DWheel2C_Material_0
13:33:14 | INFO: Blender create Mesh node polySurface819_Porsche_911GT3TouringRewardRecycled_2022_Wheel1A_3D_3DWheel2C_Material_0
13:33:14 | INFO: Blender create Mesh node polySurface820_Porsche_911GT3TouringRewardRecycled_2022_Wheel1A_3D_3DWheel2C_Material_0
13:33:14 | INFO: Blender create Mesh node polySurface821_Porsche_911GT3TouringRewardRecycled_2022_Wheel1A_3D_3DWheel2C_Material_0
13:33:14 | INFO: Blender create Mesh node polySurface822_Porsche_911GT3TouringRewardRecycled_2022_Wheel1A_3D_3DWheel2C_Material_0
13:33:14 | INFO: Blender create Mesh node polySurface823_Porsche_911GT3TouringRewardRecycled_2022_Wheel1A_3D_3DWheel2C_Material_0
13:33:14 | INFO: Blender create Mesh node polySurface824_Porsche_911GT3TouringRewardRecycled_2022_Wheel1A_3D_3DWheel2C_Material_0
13:33:14 | INFO: Blender create Mesh node polySurface825_Porsche_911GT3TouringRewardRecycled_2022_Wheel1A_3D_3DWheel2C_Material_0
13:33:14 | INFO: Blender create Mesh node polySurface826_Porsche_911GT3TouringRewardRecycled_2022_Wheel1A_3D_3DWheel2C_Material_0
13:33:14 | INFO: Blender create Mesh node polySurface827_Porsche_911GT3TouringRewardRecycled_2022_Wheel1A_3D_3DWheel2C_Material_0
13:33:14 | INFO: Blender create Mesh node polySurface828_Porsche_911GT3TouringRewardRecycled_2022_Wheel1A_3D_3DWheel2C_Material_0
13:33:14 | INFO: Blender create Mesh node polySurface829_Porsche_911GT3TouringRewardRecycled_2022_Wheel1A_3D_3DWheel2C_Material_0
13:33:14 | INFO: Blender create Mesh node polySurface830_Porsche_911GT3TouringRewardRecycled_2022_Wheel1A_3D_3DWheel2C_Material_0
13:33:14 | INFO: Blender create Mesh node polySurface831_Porsche_911GT3TouringRewardRecycled_2022_Wheel1A_3D_3DWheel2C_Material_0
13:33:14 | INFO: Blender create Mesh node polySurface832_Porsche_911GT3TouringRewardRecycled_2022_Wheel1A_3D_3DWheel2C_Material_0
13:33:14 | INFO: Blender create Mesh node polySurface833_Porsche_911GT3TouringRewardRecycled_2022_Wheel1A_3D_3DWheel2C_Material_0
13:33:14 | INFO: Blender create Mesh node polySurface834_Porsche_911GT3TouringRewardRecycled_2022_Wheel1A_3D_3DWheel2C_Material_0
13:33:14 | INFO: Blender create Mesh node polySurface835_Porsche_911GT3TouringRewardRecycled_2022_Wheel1A_3D_3DWheel2C_Material_0
13:33:14 | INFO: Blender create Mesh node polySurface836_Porsche_911GT3TouringRewardRecycled_2022_Wheel1A_3D_3DWheel2C_Material_0
13:33:14 | INFO: Blender create Mesh node polySurface837_Porsche_911GT3TouringRewardRecycled_2022_Wheel1A_3D_3DWheel2C_Material_0
13:33:14 | INFO: Blender create Mesh node polySurface838_Porsche_911GT3TouringRewardRecycled_2022_Wheel1A_3D_3DWheel2C_Material_0
13:33:14 | INFO: Blender create Mesh node polySurface839_Porsche_911GT3TouringRewardRecycled_2022_Wheel1A_3D_3DWheel2C_Material_0
13:33:14 | INFO: Blender create Mesh node polySurface840_Porsche_911GT3TouringRewardRecycled_2022_Wheel1A_3D_3DWheel2C_Material_0
13:33:14 | INFO: Blender create Mesh node polySurface841_Porsche_911GT3TouringRewardRecycled_2022_Wheel1A_3D_3DWheel2C_Material_0
13:33:14 | INFO: Blender create Mesh node polySurface842_Porsche_911GT3TouringRewardRecycled_2022_Wheel1A_3D_3DWheel2C_Material_0
13:33:14 | INFO: Blender create Mesh node polySurface843_Porsche_911GT3TouringRewardRecycled_2022_Wheel1A_3D_3DWheel2C_Material_0
13:33:14 | INFO: Blender create Mesh node polySurface844_Porsche_911GT3TouringRewardRecycled_2022_Wheel1A_3D_3DWheel2C_Material_0
13:33:14 | INFO: Blender create Mesh node polySurface845_Porsche_911GT3TouringRewardRecycled_2022_Wheel1A_3D_3DWheel2C_Material_0
13:33:14 | INFO: Blender create Mesh node polySurface846_Porsche_911GT3TouringRewardRecycled_2022_Wheel1A_3D_3DWheel2C_Material_0
13:33:14 | INFO: Blender create Mesh node polySurface847_Porsche_911GT3TouringRewardRecycled_2022_Wheel1A_3D_3DWheel2C_Material_0
13:33:14 | INFO: Blender create Mesh node polySurface848_Porsche_911GT3TouringRewardRecycled_2022_Wheel1A_3D_3DWheel2C_Material_0
13:33:14 | INFO: Blender create Mesh node polySurface849_Porsche_911GT3TouringRewardRecycled_2022_Wheel1A_3D_3DWheel2C_Material_0
13:33:14 | INFO: Blender create Mesh node polySurface850_Porsche_911GT3TouringRewardRecycled_2022_Wheel1A_3D_3DWheel2C_Material_0
13:33:14 | INFO: Blender create Mesh node polySurface851_Porsche_911GT3TouringRewardRecycled_2022_Wheel1A_3D_3DWheel2C_Material_0
13:33:14 | INFO: Blender create Mesh node polySurface852_Porsche_911GT3TouringRewardRecycled_2022_Wheel1A_3D_3DWheel2C_Material_0
13:33:14 | INFO: Blender create Mesh node polySurface853_Porsche_911GT3TouringRewardRecycled_2022_Wheel1A_3D_3DWheel2C_Material_0
13:33:14 | INFO: Blender create Mesh node polySurface854_Porsche_911GT3TouringRewardRecycled_2022_Wheel1A_3D_3DWheel2C_Material_0
13:33:14 | INFO: Blender create Mesh node polySurface855_Porsche_911GT3TouringRewardRecycled_2022_Wheel1A_3D_3DWheel2C_Material_0
13:33:14 | INFO: Blender create Mesh node polySurface856_Porsche_911GT3TouringRewardRecycled_2022_Wheel1A_3D_3DWheel2C_Material_0
13:33:14 | INFO: Blender create Mesh node polySurface857_Porsche_911GT3TouringRewardRecycled_2022_Wheel1A_3D_3DWheel2C_Material_0
13:33:14 | INFO: Blender create Mesh node polySurface858_Porsche_911GT3TouringRewardRecycled_2022_Wheel1A_3D_3DWheel2C_Material_0
13:33:14 | INFO: Blender create Mesh node polySurface859_Porsche_911GT3TouringRewardRecycled_2022_Wheel1A_3D_3DWheel2C_Material_0
13:33:14 | INFO: Blender create Mesh node polySurface860_Porsche_911GT3TouringRewardRecycled_2022_Wheel1A_3D_3DWheel2C_Material_0
13:33:14 | INFO: Blender create Mesh node polySurface861_Porsche_911GT3TouringRewardRecycled_2022_Wheel1A_3D_3DWheel2C_Material_0
13:33:14 | INFO: Blender create Mesh node polySurface862_Porsche_911GT3TouringRewardRecycled_2022_Wheel1A_3D_3DWheel2C_Material_0
13:33:14 | INFO: Blender create Mesh node polySurface863_Porsche_911GT3TouringRewardRecycled_2022_Wheel1A_3D_3DWheel2C_Material_0
13:33:14 | INFO: Blender create Mesh node polySurface864_Porsche_911GT3TouringRewardRecycled_2022_Wheel1A_3D_3DWheel2C_Material_0
13:33:14 | INFO: Blender create Mesh node polySurface865_Porsche_911GT3TouringRewardRecycled_2022_Wheel1A_3D_3DWheel2C_Material_0
13:33:14 | INFO: Blender create Mesh node polySurface866_Porsche_911GT3TouringRewardRecycled_2022_Wheel1A_3D_3DWheel2C_Material_0
13:33:14 | INFO: Blender create Mesh node polySurface867_Porsche_911GT3TouringRewardRecycled_2022_Wheel1A_3D_3DWheel2C_Material_0
13:33:14 | INFO: Blender create Mesh node polySurface868_Porsche_911GT3TouringRewardRecycled_2022_Wheel1A_3D_3DWheel2C_Material_0
13:33:14 | INFO: Blender create Mesh node polySurface869_Porsche_911GT3TouringRewardRecycled_2022_Wheel1A_3D_3DWheel2C_Material_0
13:33:14 | INFO: Blender create Mesh node polySurface870_Porsche_911GT3TouringRewardRecycled_2022_Wheel1A_3D_3DWheel2C_Material_0
13:33:14 | INFO: Blender create Mesh node polySurface871_Porsche_911GT3TouringRewardRecycled_2022_Wheel1A_3D_3DWheel2C_Material_0
13:33:14 | INFO: Blender create Mesh node polySurface872_Porsche_911GT3TouringRewardRecycled_2022_Wheel1A_3D_3DWheel2C_Material_0
13:33:14 | INFO: Blender create Mesh node polySurface873_Porsche_911GT3TouringRewardRecycled_2022_Wheel1A_3D_3DWheel2C_Material_0
13:33:14 | INFO: Blender create Mesh node polySurface874_Porsche_911GT3TouringRewardRecycled_2022_Wheel1A_3D_3DWheel2C_Material_0
13:33:14 | INFO: Blender create Mesh node polySurface875_Porsche_911GT3TouringRewardRecycled_2022_Wheel1A_3D_3DWheel2C_Material_0
13:33:14 | INFO: Blender create Mesh node polySurface876_Porsche_911GT3TouringRewardRecycled_2022_Wheel1A_3D_3DWheel2C_Material_0
13:33:14 | INFO: Blender create Mesh node polySurface877_Porsche_911GT3TouringRewardRecycled_2022_Wheel1A_3D_3DWheel2C_Material_0
13:33:14 | INFO: Blender create Mesh node polySurface878_Porsche_911GT3TouringRewardRecycled_2022_Wheel1A_3D_3DWheel2C_Material_0
13:33:14 | INFO: Blender create Mesh node polySurface879_Porsche_911GT3TouringRewardRecycled_2022_Wheel1A_3D_3DWheel2C_Material_0
13:33:14 | INFO: Blender create Mesh node polySurface880_Porsche_911GT3TouringRewardRecycled_2022_Wheel1A_3D_3DWheel2C_Material_0
13:33:14 | INFO: Blender create Mesh node polySurface881_Porsche_911GT3TouringRewardRecycled_2022_Wheel1A_3D_3DWheel2C_Material_0
13:33:14 | INFO: Blender create Mesh node polySurface882_Porsche_911GT3TouringRewardRecycled_2022_Wheel1A_3D_3DWheel2C_Material_0
13:33:14 | INFO: Blender create Mesh node polySurface883_Porsche_911GT3TouringRewardRecycled_2022_Wheel1A_3D_3DWheel2C_Material_0
13:33:14 | INFO: Blender create Mesh node polySurface884_Porsche_911GT3TouringRewardRecycled_2022_Wheel1A_3D_3DWheel2C_Material_0
13:33:14 | INFO: Blender create Mesh node polySurface885_Porsche_911GT3TouringRewardRecycled_2022_Wheel1A_3D_3DWheel2C_Material_0
13:33:14 | INFO: Blender create Mesh node polySurface886_Porsche_911GT3TouringRewardRecycled_2022_Wheel1A_3D_3DWheel2C_Material_0
13:33:14 | INFO: Blender create Mesh node polySurface887_Porsche_911GT3TouringRewardRecycled_2022_Wheel1A_3D_3DWheel2C_Material_0
13:33:14 | INFO: Blender create Mesh node polySurface888_Porsche_911GT3TouringRewardRecycled_2022_Wheel1A_3D_3DWheel2C_Material_0
13:33:14 | INFO: Blender create Mesh node polySurface889_Porsche_911GT3TouringRewardRecycled_2022_Wheel1A_3D_3DWheel2C_Material_0
13:33:14 | INFO: Blender create Mesh node polySurface890_Porsche_911GT3TouringRewardRecycled_2022_Wheel1A_3D_3DWheel2C_Material_0
13:33:14 | INFO: Blender create Mesh node polySurface891_Porsche_911GT3TouringRewardRecycled_2022_Wheel1A_3D_3DWheel2C_Material_0
13:33:14 | INFO: Blender create Mesh node polySurface892_Porsche_911GT3TouringRewardRecycled_2022_Wheel1A_3D_3DWheel2C_Material_0
13:33:14 | INFO: Blender create Mesh node polySurface893_Porsche_911GT3TouringRewardRecycled_2022_Wheel1A_3D_3DWheel2C_Material_0
13:33:14 | INFO: Blender create Mesh node polySurface894_Porsche_911GT3TouringRewardRecycled_2022_Wheel1A_3D_3DWheel2C_Material_0
13:33:14 | INFO: Blender create Mesh node polySurface895_Porsche_911GT3TouringRewardRecycled_2022_Wheel1A_3D_3DWheel2C_Material_0
13:33:14 | INFO: Blender create Mesh node polySurface896_Porsche_911GT3TouringRewardRecycled_2022_Wheel1A_3D_3DWheel2C_Material_0
13:33:14 | INFO: Blender create Mesh node polySurface897_Porsche_911GT3TouringRewardRecycled_2022_Wheel1A_3D_3DWheel2C_Material_0
13:33:14 | INFO: Blender create Mesh node polySurface898_Porsche_911GT3TouringRewardRecycled_2022_Wheel1A_3D_3DWheel2C_Material_0
13:33:14 | INFO: Blender create Mesh node polySurface899_Porsche_911GT3TouringRewardRecycled_2022_Wheel1A_3D_3DWheel2C_Material_0
13:33:14 | INFO: Blender create Mesh node polySurface900_Porsche_911GT3TouringRewardRecycled_2022_Wheel1A_3D_3DWheel2C_Material_0
13:33:14 | INFO: Blender create Mesh node polySurface901_Porsche_911GT3TouringRewardRecycled_2022_Wheel1A_3D_3DWheel2C_Material_0
13:33:14 | INFO: Blender create Mesh node polySurface902_Porsche_911GT3TouringRewardRecycled_2022_Wheel1A_3D_3DWheel2C_Material_0
13:33:14 | INFO: Blender create Mesh node polySurface903_Porsche_911GT3TouringRewardRecycled_2022_Wheel1A_3D_3DWheel2C_Material_0
13:33:14 | INFO: Blender create Mesh node polySurface904_Porsche_911GT3TouringRewardRecycled_2022_Wheel1A_3D_3DWheel2C_Material_0
13:33:14 | INFO: Blender create Mesh node polySurface905_Porsche_911GT3TouringRewardRecycled_2022_Wheel1A_3D_3DWheel2C_Material_0
13:33:14 | INFO: Blender create Mesh node polySurface906_Porsche_911GT3TouringRewardRecycled_2022_Wheel1A_3D_3DWheel2C_Material_0
13:33:14 | INFO: Blender create Mesh node polySurface907_Porsche_911GT3TouringRewardRecycled_2022_Wheel1A_3D_3DWheel2C_Material_0
13:33:14 | INFO: Blender create Mesh node polySurface908_Porsche_911GT3TouringRewardRecycled_2022_Wheel1A_3D_3DWheel2C_Material_0
13:33:14 | INFO: Blender create Mesh node polySurface909_Porsche_911GT3TouringRewardRecycled_2022_Wheel1A_3D_3DWheel2C_Material_0
13:33:14 | INFO: Blender create Mesh node polySurface910_Porsche_911GT3TouringRewardRecycled_2022_Wheel1A_3D_3DWheel2C_Material_0
13:33:14 | INFO: Blender create Mesh node polySurface911_Porsche_911GT3TouringRewardRecycled_2022_Wheel1A_3D_3DWheel2C_Material_0
13:33:14 | INFO: Blender create Mesh node polySurface912_Porsche_911GT3TouringRewardRecycled_2022_Wheel1A_3D_3DWheel2C_Material_0
13:33:14 | INFO: Blender create Mesh node polySurface913_Porsche_911GT3TouringRewardRecycled_2022_Wheel1A_3D_3DWheel2C_Material_0
13:33:14 | INFO: Blender create Mesh node polySurface914_Porsche_911GT3TouringRewardRecycled_2022_Wheel1A_3D_3DWheel2C_Material_0
13:33:14 | INFO: Blender create Mesh node polySurface915_Porsche_911GT3TouringRewardRecycled_2022_Wheel1A_3D_3DWheel2C_Material_0
13:33:14 | INFO: Blender create Mesh node polySurface916_Porsche_911GT3TouringRewardRecycled_2022_Wheel1A_3D_3DWheel2C_Material_0
13:33:14 | INFO: Blender create Mesh node polySurface917_Porsche_911GT3TouringRewardRecycled_2022_Wheel1A_3D_3DWheel2C_Material_0
13:33:14 | INFO: Blender create Mesh node polySurface918_Porsche_911GT3TouringRewardRecycled_2022_Wheel1A_3D_3DWheel2C_Material_0
13:33:14 | INFO: Blender create Mesh node polySurface919_Porsche_911GT3TouringRewardRecycled_2022_Wheel1A_3D_3DWheel2C_Material_0
13:33:14 | INFO: Blender create Mesh node polySurface920_Porsche_911GT3TouringRewardRecycled_2022_Wheel1A_3D_3DWheel2C_Material_0
13:33:14 | INFO: Blender create Mesh node polySurface921_Porsche_911GT3TouringRewardRecycled_2022_Wheel1A_3D_3DWheel2C_Material_0
13:33:14 | INFO: Blender create Mesh node polySurface922_Porsche_911GT3TouringRewardRecycled_2022_Wheel1A_3D_3DWheel2C_Material_0
13:33:14 | INFO: Blender create Mesh node polySurface923_Porsche_911GT3TouringRewardRecycled_2022_Wheel1A_3D_3DWheel2C_Material_0
13:33:14 | INFO: Blender create Mesh node polySurface924_Porsche_911GT3TouringRewardRecycled_2022_Wheel1A_3D_3DWheel2C_Material_0
13:33:14 | INFO: Blender create Mesh node polySurface925_Porsche_911GT3TouringRewardRecycled_2022_Wheel1A_3D_3DWheel2C_Material_0
13:33:14 | INFO: Blender create Mesh node polySurface926_Porsche_911GT3TouringRewardRecycled_2022_Wheel1A_3D_3DWheel2C_Material_0
13:33:14 | INFO: Blender create Mesh node polySurface927_Porsche_911GT3TouringRewardRecycled_2022_Wheel1A_3D_3DWheel2C_Material_0
13:33:14 | INFO: Blender create Mesh node polySurface928_Porsche_911GT3TouringRewardRecycled_2022_Wheel1A_3D_3DWheel2C_Material_0
13:33:14 | INFO: Blender create Mesh node polySurface929_Porsche_911GT3TouringRewardRecycled_2022_Wheel1A_3D_3DWheel2C_Material_0
13:33:14 | INFO: Blender create Mesh node polySurface930_Porsche_911GT3TouringRewardRecycled_2022_Wheel1A_3D_3DWheel2C_Material_0
13:33:14 | INFO: Blender create Mesh node polySurface931_Porsche_911GT3TouringRewardRecycled_2022_Wheel1A_3D_3DWheel2C_Material_0
13:33:14 | INFO: Blender create Mesh node polySurface932_Porsche_911GT3TouringRewardRecycled_2022_Wheel1A_3D_3DWheel2C_Material_0
13:33:14 | INFO: Blender create Mesh node polySurface933_Porsche_911GT3TouringRewardRecycled_2022_Wheel1A_3D_3DWheel2C_Material_0
13:33:14 | INFO: Blender create Mesh node polySurface934_Porsche_911GT3TouringRewardRecycled_2022_Wheel1A_3D_3DWheel2C_Material_0
13:33:14 | INFO: Blender create Mesh node polySurface935_Porsche_911GT3TouringRewardRecycled_2022_Wheel1A_3D_3DWheel2C_Material_0
13:33:14 | INFO: Blender create Mesh node polySurface936_Porsche_911GT3TouringRewardRecycled_2022_Wheel1A_3D_3DWheel2C_Material_0
13:33:14 | INFO: Blender create Mesh node polySurface937_Porsche_911GT3TouringRewardRecycled_2022_Wheel1A_3D_3DWheel2C_Material_0
13:33:14 | INFO: Blender create Mesh node polySurface938_Porsche_911GT3TouringRewardRecycled_2022_Wheel1A_3D_3DWheel2C_Material_0
13:33:14 | INFO: Blender create Mesh node polySurface939_Porsche_911GT3TouringRewardRecycled_2022_Wheel1A_3D_3DWheel2C_Material_0
13:33:14 | INFO: Blender create Mesh node polySurface940_Porsche_911GT3TouringRewardRecycled_2022_Wheel1A_3D_3DWheel2C_Material_0
13:33:14 | INFO: Blender create Mesh node polySurface941_Porsche_911GT3TouringRewardRecycled_2022_Wheel1A_3D_3DWheel2C_Material_0
13:33:14 | INFO: Blender create Mesh node polySurface942_Porsche_911GT3TouringRewardRecycled_2022_Wheel1A_3D_3DWheel2C_Material_0
13:33:14 | INFO: Blender create Mesh node polySurface943_Porsche_911GT3TouringRewardRecycled_2022_Wheel1A_3D_3DWheel2C_Material_0
13:33:14 | INFO: Blender create Mesh node polySurface944_Porsche_911GT3TouringRewardRecycled_2022_Wheel1A_3D_3DWheel2C_Material_0
13:33:14 | INFO: Blender create Mesh node polySurface945_Porsche_911GT3TouringRewardRecycled_2022_Wheel1A_3D_3DWheel2C_Material_0
13:33:14 | INFO: Blender create Mesh node polySurface946_Porsche_911GT3TouringRewardRecycled_2022_Wheel1A_3D_3DWheel2C_Material_0
13:33:14 | INFO: Blender create Mesh node polySurface947_Porsche_911GT3TouringRewardRecycled_2022_Wheel1A_3D_3DWheel2C_Material_0
13:33:14 | INFO: Blender create Mesh node polySurface948_Porsche_911GT3TouringRewardRecycled_2022_Wheel1A_3D_3DWheel2C_Material_0
13:33:14 | INFO: Blender create Mesh node polySurface949_Porsche_911GT3TouringRewardRecycled_2022_Wheel1A_3D_3DWheel2C_Material_0
13:33:14 | INFO: Blender create Mesh node polySurface950_Porsche_911GT3TouringRewardRecycled_2022_Wheel1A_3D_3DWheel2C_Material_0
13:33:14 | INFO: Blender create Mesh node polySurface951_Porsche_911GT3TouringRewardRecycled_2022_Wheel1A_3D_3DWheel2C_Material_0
13:33:14 | INFO: Blender create Mesh node polySurface952_Porsche_911GT3TouringRewardRecycled_2022_Wheel1A_3D_3DWheel2C_Material_0
13:33:14 | INFO: Blender create Mesh node polySurface953_Porsche_911GT3TouringRewardRecycled_2022_Wheel1A_3D_3DWheel2C_Material_0
13:33:14 | INFO: Blender create Mesh node polySurface954_Porsche_911GT3TouringRewardRecycled_2022_Wheel1A_3D_3DWheel2C_Material_0
13:33:14 | INFO: Blender create Mesh node polySurface955_Porsche_911GT3TouringRewardRecycled_2022_Wheel1A_3D_3DWheel2C_Material_0
13:33:14 | INFO: Blender create Mesh node polySurface956_Porsche_911GT3TouringRewardRecycled_2022_Wheel1A_3D_3DWheel2C_Material_0
13:33:14 | INFO: Blender create Mesh node polySurface957_Porsche_911GT3TouringRewardRecycled_2022_Wheel1A_3D_3DWheel2C_Material_0
13:33:14 | INFO: Blender create Mesh node polySurface958_Porsche_911GT3TouringRewardRecycled_2022_Wheel1A_3D_3DWheel2C_Material_0
13:33:14 | INFO: Blender create Mesh node polySurface959_Porsche_911GT3TouringRewardRecycled_2022_Wheel1A_3D_3DWheel2C_Material_0
13:33:14 | INFO: Blender create Mesh node polySurface960_Porsche_911GT3TouringRewardRecycled_2022_Wheel1A_3D_3DWheel2C_Material_0
13:33:14 | INFO: Blender create Mesh node polySurface961_Porsche_911GT3TouringRewardRecycled_2022_Wheel1A_3D_3DWheel2C_Material_0
13:33:14 | INFO: Blender create Mesh node polySurface962_Porsche_911GT3TouringRewardRecycled_2022_Wheel1A_3D_3DWheel2C_Material_0
13:33:14 | INFO: Blender create Mesh node polySurface963_Porsche_911GT3TouringRewardRecycled_2022_Wheel1A_3D_3DWheel2C_Material_0
13:33:14 | INFO: Blender create Mesh node polySurface964_Porsche_911GT3TouringRewardRecycled_2022_Wheel1A_3D_3DWheel2C_Material_0
13:33:14 | INFO: Blender create Mesh node polySurface965_Porsche_911GT3TouringRewardRecycled_2022_Wheel1A_3D_3DWheel2C_Material_0
13:33:14 | INFO: Blender create Mesh node polySurface966_Porsche_911GT3TouringRewardRecycled_2022_Wheel1A_3D_3DWheel2C_Material_0
13:33:14 | INFO: Blender create Mesh node polySurface967_Porsche_911GT3TouringRewardRecycled_2022_Wheel1A_3D_3DWheel2C_Material_0
13:33:14 | INFO: Blender create Mesh node polySurface968_Porsche_911GT3TouringRewardRecycled_2022_Wheel1A_3D_3DWheel2C_Material_0
13:33:15 | INFO: Blender create Mesh node polySurface969_Porsche_911GT3TouringRewardRecycled_2022_Wheel1A_3D_3DWheel2C_Material_0
13:33:15 | INFO: Blender create Mesh node polySurface970_Porsche_911GT3TouringRewardRecycled_2022_Wheel1A_3D_3DWheel2C_Material_0
13:33:15 | INFO: Blender create Mesh node polySurface971_Porsche_911GT3TouringRewardRecycled_2022_Wheel1A_3D_3DWheel2C_Material_0
13:33:15 | INFO: Blender create Mesh node polySurface972_Porsche_911GT3TouringRewardRecycled_2022_Wheel1A_3D_3DWheel2C_Material_0
13:33:15 | INFO: Blender create Mesh node polySurface973_Porsche_911GT3TouringRewardRecycled_2022_Wheel1A_3D_3DWheel2C_Material_0
13:33:15 | INFO: Blender create Mesh node polySurface974_Porsche_911GT3TouringRewardRecycled_2022_Wheel1A_3D_3DWheel2C_Material_0
13:33:15 | INFO: Blender create Mesh node polySurface975_Porsche_911GT3TouringRewardRecycled_2022_Wheel1A_3D_3DWheel2C_Material_0
13:33:15 | INFO: Blender create Mesh node polySurface976_Porsche_911GT3TouringRewardRecycled_2022_Wheel1A_3D_3DWheel2C_Material_0
13:33:15 | INFO: Blender create Mesh node polySurface977_Porsche_911GT3TouringRewardRecycled_2022_Wheel1A_3D_3DWheel2C_Material_0
13:33:15 | INFO: Blender create Mesh node polySurface978_Porsche_911GT3TouringRewardRecycled_2022_Wheel1A_3D_3DWheel2C_Material_0
13:33:15 | INFO: Blender create Mesh node polySurface979_Porsche_911GT3TouringRewardRecycled_2022_Wheel1A_3D_3DWheel2C_Material_0
13:33:15 | INFO: Blender create Mesh node polySurface980_Porsche_911GT3TouringRewardRecycled_2022_Wheel1A_3D_3DWheel2C_Material_0
13:33:15 | INFO: Blender create Mesh node polySurface981_Porsche_911GT3TouringRewardRecycled_2022_Wheel1A_3D_3DWheel2C_Material_0
13:33:15 | INFO: Blender create Mesh node polySurface982_Porsche_911GT3TouringRewardRecycled_2022_Wheel1A_3D_3DWheel2C_Material_0
13:33:15 | INFO: Blender create Mesh node polySurface983_Porsche_911GT3TouringRewardRecycled_2022_Wheel1A_3D_3DWheel2C_Material_0
13:33:15 | INFO: Blender create Mesh node polySurface984_Porsche_911GT3TouringRewardRecycled_2022_Wheel1A_3D_3DWheel2C_Material_0
13:33:15 | INFO: Blender create Mesh node polySurface985_Porsche_911GT3TouringRewardRecycled_2022_Wheel1A_3D_3DWheel2C_Material_0
13:33:15 | INFO: Blender create Mesh node polySurface986_Porsche_911GT3TouringRewardRecycled_2022_Wheel1A_3D_3DWheel2C_Material_0
13:33:15 | INFO: Blender create Mesh node polySurface987_Porsche_911GT3TouringRewardRecycled_2022_Wheel1A_3D_3DWheel2C_Material_0
13:33:15 | INFO: Blender create Mesh node polySurface988_Porsche_911GT3TouringRewardRecycled_2022_Wheel1A_3D_3DWheel2C_Material_0
13:33:15 | INFO: Blender create Mesh node polySurface989_Porsche_911GT3TouringRewardRecycled_2022_Wheel1A_3D_3DWheel2C_Material_0
13:33:15 | INFO: Blender create Mesh node polySurface990_Porsche_911GT3TouringRewardRecycled_2022_Wheel1A_3D_3DWheel2C_Material_0
13:33:15 | INFO: Blender create Mesh node polySurface991_Porsche_911GT3TouringRewardRecycled_2022_Wheel1A_3D_3DWheel2C_Material_0
13:33:15 | INFO: Blender create Mesh node polySurface992_Porsche_911GT3TouringRewardRecycled_2022_Wheel1A_3D_3DWheel2C_Material_0
13:33:15 | INFO: Blender create Mesh node polySurface993_Porsche_911GT3TouringRewardRecycled_2022_Wheel1A_3D_3DWheel2C_Material_0
13:33:15 | INFO: Blender create Mesh node polySurface994_Porsche_911GT3TouringRewardRecycled_2022_Wheel1A_3D_3DWheel2C_Material_0
13:33:15 | INFO: Blender create Mesh node polySurface995_Porsche_911GT3TouringRewardRecycled_2022_Wheel1A_3D_3DWheel2C_Material_0
13:33:15 | INFO: Blender create Mesh node polySurface996_Porsche_911GT3TouringRewardRecycled_2022_Wheel1A_3D_3DWheel2C_Material_0
13:33:15 | INFO: Blender create Mesh node polySurface997_Porsche_911GT3TouringRewardRecycled_2022_Wheel1A_3D_3DWheel2C_Material_0
13:33:15 | INFO: Blender create Mesh node polySurface998_Porsche_911GT3TouringRewardRecycled_2022_Wheel1A_3D_3DWheel2C_Material_0
13:33:15 | INFO: Blender create Mesh node polySurface999_Porsche_911GT3TouringRewardRecycled_2022_Wheel1A_3D_3DWheel2C_Material_0
13:33:15 | INFO: Blender create Mesh node polySurface1000_Porsche_911GT3TouringRewardRecycled_2022_Wheel1A_3D_3DWheel2C_Material_0
13:33:15 | INFO: Blender create Mesh node polySurface1001_Porsche_911GT3TouringRewardRecycled_2022_Wheel1A_3D_3DWheel2C_Material_0
13:33:15 | INFO: Blender create Mesh node polySurface1002_Porsche_911GT3TouringRewardRecycled_2022_Wheel1A_3D_3DWheel2C_Material_0
13:33:15 | INFO: Blender create Mesh node polySurface1003_Porsche_911GT3TouringRewardRecycled_2022_Wheel1A_3D_3DWheel2C_Material_0
13:33:15 | INFO: Blender create Mesh node polySurface1004_Porsche_911GT3TouringRewardRecycled_2022_Wheel1A_3D_3DWheel2C_Material_0
13:33:15 | INFO: Blender create Mesh node polySurface1005_Porsche_911GT3TouringRewardRecycled_2022_Wheel1A_3D_3DWheel2C_Material_0
13:33:15 | INFO: Blender create Mesh node polySurface1006_Porsche_911GT3TouringRewardRecycled_2022_Wheel1A_3D_3DWheel2C_Material_0
13:33:15 | INFO: Blender create Mesh node polySurface1007_Porsche_911GT3TouringRewardRecycled_2022_Wheel1A_3D_3DWheel2C_Material_0
13:33:15 | INFO: Blender create Mesh node polySurface1008_Porsche_911GT3TouringRewardRecycled_2022_Wheel1A_3D_3DWheel2C_Material_0
13:33:15 | INFO: Blender create Mesh node polySurface1009_Porsche_911GT3TouringRewardRecycled_2022_Wheel1A_3D_3DWheel2C_Material_0
13:33:15 | INFO: Blender create Mesh node polySurface1010_Porsche_911GT3TouringRewardRecycled_2022_Wheel1A_3D_3DWheel2C_Material_0
13:33:15 | INFO: Blender create Mesh node polySurface1011_Porsche_911GT3TouringRewardRecycled_2022_Wheel1A_3D_3DWheel2C_Material_0
13:33:15 | INFO: Blender create Mesh node polySurface1012_Porsche_911GT3TouringRewardRecycled_2022_Wheel1A_3D_3DWheel2C_Material_0
13:33:15 | INFO: Blender create Mesh node polySurface1013_Porsche_911GT3TouringRewardRecycled_2022_Wheel1A_3D_3DWheel2C_Material_0
13:33:15 | INFO: Blender create Mesh node polySurface1014_Porsche_911GT3TouringRewardRecycled_2022_Wheel1A_3D_3DWheel2C_Material_0
13:33:15 | INFO: Blender create Mesh node polySurface1015_Porsche_911GT3TouringRewardRecycled_2022_Wheel1A_3D_3DWheel2C_Material_0
13:33:15 | INFO: Blender create Mesh node polySurface1016_Porsche_911GT3TouringRewardRecycled_2022_Wheel1A_3D_3DWheel2C_Material_0
13:33:15 | INFO: Blender create Mesh node polySurface1017_Porsche_911GT3TouringRewardRecycled_2022_Wheel1A_3D_3DWheel2C_Material_0
13:33:15 | INFO: Blender create Mesh node polySurface1018_Porsche_911GT3TouringRewardRecycled_2022_Wheel1A_3D_3DWheel2C_Material_0
13:33:15 | INFO: Blender create Mesh node polySurface1019_Porsche_911GT3TouringRewardRecycled_2022_Wheel1A_3D_3DWheel2C_Material_0
13:33:15 | INFO: Blender create Mesh node polySurface1020_Porsche_911GT3TouringRewardRecycled_2022_Wheel1A_3D_3DWheel2C_Material_0
13:33:15 | INFO: Blender create Mesh node polySurface1021_Porsche_911GT3TouringRewardRecycled_2022_Wheel1A_3D_3DWheel2C_Material_0
13:33:15 | INFO: Blender create Mesh node polySurface1022_Porsche_911GT3TouringRewardRecycled_2022_Wheel1A_3D_3DWheel2C_Material_0
13:33:15 | INFO: Blender create Mesh node polySurface1023_Porsche_911GT3TouringRewardRecycled_2022_Wheel1A_3D_3DWheel2C_Material_0
13:33:15 | INFO: Blender create Mesh node polySurface1024_Porsche_911GT3TouringRewardRecycled_2022_Wheel1A_3D_3DWheel2C_Material_0
13:33:15 | INFO: Blender create Mesh node polySurface1025_Porsche_911GT3TouringRewardRecycled_2022_Wheel1A_3D_3DWheel2C_Material_0
13:33:15 | INFO: Blender create Mesh node polySurface1026_Porsche_911GT3TouringRewardRecycled_2022_Wheel1A_3D_3DWheel2C_Material_0
13:33:15 | INFO: Blender create Mesh node polySurface1027_Porsche_911GT3TouringRewardRecycled_2022_Wheel1A_3D_3DWheel2C_Material_0
13:33:15 | INFO: Blender create Mesh node polySurface1028_Porsche_911GT3TouringRewardRecycled_2022_Wheel1A_3D_3DWheel2C_Material_0
13:33:15 | INFO: Blender create Mesh node polySurface1029_Porsche_911GT3TouringRewardRecycled_2022_Wheel1A_3D_3DWheel2C_Material_0
13:33:15 | INFO: Blender create Mesh node polySurface1030_Porsche_911GT3TouringRewardRecycled_2022_Wheel1A_3D_3DWheel2C_Material_0
13:33:15 | INFO: Blender create Mesh node polySurface1031_Porsche_911GT3TouringRewardRecycled_2022_Wheel1A_3D_3DWheel2C_Material_0
13:33:15 | INFO: Blender create Mesh node polySurface1032_Porsche_911GT3TouringRewardRecycled_2022_Wheel1A_3D_3DWheel2C_Material_0
13:33:15 | INFO: Blender create Mesh node polySurface1033_Porsche_911GT3TouringRewardRecycled_2022_Wheel1A_3D_3DWheel2C_Material_0
13:33:15 | INFO: Blender create Mesh node polySurface1034_Porsche_911GT3TouringRewardRecycled_2022_Wheel1A_3D_3DWheel2C_Material_0
13:33:15 | INFO: Blender create Mesh node polySurface1035_Porsche_911GT3TouringRewardRecycled_2022_Wheel1A_3D_3DWheel2C_Material_0
13:33:15 | INFO: Blender create Mesh node polySurface1036_Porsche_911GT3TouringRewardRecycled_2022_Wheel1A_3D_3DWheel2C_Material_0
13:33:15 | INFO: Blender create Mesh node polySurface1037_Porsche_911GT3TouringRewardRecycled_2022_Wheel1A_3D_3DWheel2C_Material_0
13:33:15 | INFO: Blender create Mesh node polySurface1038_Porsche_911GT3TouringRewardRecycled_2022_Wheel1A_3D_3DWheel2C_Material_0
13:33:15 | INFO: Blender create Mesh node polySurface1039_Porsche_911GT3TouringRewardRecycled_2022_Wheel1A_3D_3DWheel2C_Material_0
13:33:15 | INFO: Blender create Mesh node polySurface1040_Porsche_911GT3TouringRewardRecycled_2022_Wheel1A_3D_3DWheel2C_Material_0
13:33:15 | INFO: Blender create Mesh node polySurface1041_Porsche_911GT3TouringRewardRecycled_2022_Wheel1A_3D_3DWheel2C_Material_0
13:33:15 | INFO: Blender create Mesh node polySurface1042_Porsche_911GT3TouringRewardRecycled_2022_Wheel1A_3D_3DWheel2C_Material_0
13:33:15 | INFO: Blender create Mesh node polySurface1043_Porsche_911GT3TouringRewardRecycled_2022_Wheel1A_3D_3DWheel2C_Material_0
13:33:15 | INFO: Blender create Mesh node polySurface1044_Porsche_911GT3TouringRewardRecycled_2022_Wheel1A_3D_3DWheel2C_Material_0
13:33:15 | INFO: Blender create Mesh node polySurface1045_Porsche_911GT3TouringRewardRecycled_2022_Wheel1A_3D_3DWheel2C_Material_0
13:33:15 | INFO: Blender create Mesh node polySurface1046_Porsche_911GT3TouringRewardRecycled_2022_Wheel1A_3D_3DWheel2C_Material_0
13:33:15 | INFO: Blender create Mesh node polySurface1047_Porsche_911GT3TouringRewardRecycled_2022_Wheel1A_3D_3DWheel2C_Material_0
13:33:15 | INFO: Blender create Mesh node polySurface1048_Porsche_911GT3TouringRewardRecycled_2022_Wheel1A_3D_3DWheel2C_Material_0
13:33:15 | INFO: Blender create Mesh node polySurface1049_Porsche_911GT3TouringRewardRecycled_2022_Wheel1A_3D_3DWheel2C_Material_0
13:33:15 | INFO: Blender create Mesh node polySurface1050_Porsche_911GT3TouringRewardRecycled_2022_Wheel1A_3D_3DWheel2C_Material_0
13:33:15 | INFO: Blender create Mesh node polySurface1051_Porsche_911GT3TouringRewardRecycled_2022_Wheel1A_3D_3DWheel2C_Material_0
13:33:15 | INFO: Blender create Mesh node polySurface1052_Porsche_911GT3TouringRewardRecycled_2022_Wheel1A_3D_3DWheel2C_Material_0
13:33:15 | INFO: Blender create Mesh node polySurface1053_Porsche_911GT3TouringRewardRecycled_2022_Wheel1A_3D_3DWheel2C_Material_0
13:33:15 | INFO: Blender create Mesh node polySurface1054_Porsche_911GT3TouringRewardRecycled_2022_Wheel1A_3D_3DWheel2C_Material_0
13:33:15 | INFO: Blender create Mesh node polySurface1055_Porsche_911GT3TouringRewardRecycled_2022_Wheel1A_3D_3DWheel2C_Material_0
13:33:15 | INFO: Blender create Mesh node polySurface1056_Porsche_911GT3TouringRewardRecycled_2022_Wheel1A_3D_3DWheel2C_Material_0
13:33:15 | INFO: Blender create Mesh node polySurface1057_Porsche_911GT3TouringRewardRecycled_2022_Wheel1A_3D_3DWheel2C_Material_0
13:33:15 | INFO: Blender create Mesh node polySurface1058_Porsche_911GT3TouringRewardRecycled_2022_Wheel1A_3D_3DWheel2C_Material_0
13:33:15 | INFO: Blender create Mesh node polySurface1059_Porsche_911GT3TouringRewardRecycled_2022_Wheel1A_3D_3DWheel2C_Material_0
13:33:15 | INFO: Blender create Mesh node polySurface1060_Porsche_911GT3TouringRewardRecycled_2022_Wheel1A_3D_3DWheel2C_Material_0
13:33:15 | INFO: Blender create Mesh node polySurface1061_Porsche_911GT3TouringRewardRecycled_2022_Wheel1A_3D_3DWheel2C_Material_0
13:33:15 | INFO: Blender create Mesh node polySurface1062_Porsche_911GT3TouringRewardRecycled_2022_Wheel1A_3D_3DWheel2C_Material_0
13:33:15 | INFO: Blender create Mesh node polySurface1063_Porsche_911GT3TouringRewardRecycled_2022_Wheel1A_3D_3DWheel2C_Material_0
13:33:15 | INFO: Blender create Mesh node polySurface1064_Porsche_911GT3TouringRewardRecycled_2022_Wheel1A_3D_3DWheel2C_Material_0
13:33:15 | INFO: Blender create Mesh node polySurface1065_Porsche_911GT3TouringRewardRecycled_2022_Wheel1A_3D_3DWheel2C_Material_0
13:33:15 | INFO: Blender create Mesh node polySurface1066_Porsche_911GT3TouringRewardRecycled_2022_Wheel1A_3D_3DWheel2C_Material_0
13:33:15 | INFO: Blender create Mesh node polySurface1067_Porsche_911GT3TouringRewardRecycled_2022_Wheel1A_3D_3DWheel2C_Material_0
13:33:15 | INFO: Blender create Mesh node polySurface1068_Porsche_911GT3TouringRewardRecycled_2022_Wheel1A_3D_3DWheel2C_Material_0
13:33:15 | INFO: Blender create Mesh node polySurface1069_Porsche_911GT3TouringRewardRecycled_2022_Wheel1A_3D_3DWheel2C_Material_0
13:33:15 | INFO: Blender create Mesh node polySurface1070_Porsche_911GT3TouringRewardRecycled_2022_Wheel1A_3D_3DWheel2C_Material_0
13:33:15 | INFO: Blender create Mesh node polySurface1071_Porsche_911GT3TouringRewardRecycled_2022_Wheel1A_3D_3DWheel2C_Material_0
13:33:15 | INFO: Blender create Mesh node polySurface1072_Porsche_911GT3TouringRewardRecycled_2022_Wheel1A_3D_3DWheel2C_Material_0
13:33:15 | INFO: Blender create Mesh node polySurface1073_Porsche_911GT3TouringRewardRecycled_2022_Wheel1A_3D_3DWheel2C_Material_0
13:33:15 | INFO: Blender create Mesh node polySurface1074_Porsche_911GT3TouringRewardRecycled_2022_Wheel1A_3D_3DWheel2C_Material_0
13:33:15 | INFO: Blender create Mesh node polySurface1075_Porsche_911GT3TouringRewardRecycled_2022_Wheel1A_3D_3DWheel2C_Material_0
13:33:15 | INFO: Blender create Mesh node polySurface1076_Porsche_911GT3TouringRewardRecycled_2022_Wheel1A_3D_3DWheel2C_Material_0
13:33:15 | INFO: Blender create Mesh node polySurface1077_Porsche_911GT3TouringRewardRecycled_2022_Wheel1A_3D_3DWheel2C_Material_0
13:33:15 | INFO: Blender create Mesh node polySurface1078_Porsche_911GT3TouringRewardRecycled_2022_Wheel1A_3D_3DWheel2C_Material_0
13:33:15 | INFO: Blender create Mesh node polySurface1079_Porsche_911GT3TouringRewardRecycled_2022_Wheel1A_3D_3DWheel2C_Material_0
13:33:15 | INFO: Blender create Mesh node polySurface1080_Porsche_911GT3TouringRewardRecycled_2022_Wheel1A_3D_3DWheel2C_Material_0
13:33:15 | INFO: Blender create Mesh node polySurface1081_Porsche_911GT3TouringRewardRecycled_2022_Wheel1A_3D_3DWheel2C_Material_0
13:33:15 | INFO: Blender create Mesh node polySurface1082_Porsche_911GT3TouringRewardRecycled_2022_Wheel1A_3D_3DWheel2C_Material_0
13:33:15 | INFO: Blender create Mesh node polySurface1083_Porsche_911GT3TouringRewardRecycled_2022_Wheel1A_3D_3DWheel2C_Material_0
13:33:15 | INFO: Blender create Mesh node polySurface1084_Porsche_911GT3TouringRewardRecycled_2022_Wheel1A_3D_3DWheel2C_Material_0
13:33:15 | INFO: Blender create Mesh node polySurface1085_Porsche_911GT3TouringRewardRecycled_2022_Wheel1A_3D_3DWheel2C_Material_0
13:33:15 | INFO: Blender create Mesh node polySurface1086_Porsche_911GT3TouringRewardRecycled_2022_Wheel1A_3D_3DWheel2C_Material_0
13:33:15 | INFO: Blender create Mesh node polySurface1087_Porsche_911GT3TouringRewardRecycled_2022_Wheel1A_3D_3DWheel2C_Material_0
13:33:15 | INFO: Blender create Mesh node polySurface1088_Porsche_911GT3TouringRewardRecycled_2022_Wheel1A_3D_3DWheel2C_Material_0
13:33:15 | INFO: Blender create Mesh node polySurface1089_Porsche_911GT3TouringRewardRecycled_2022_Wheel1A_3D_3DWheel2C_Material_0
13:33:15 | INFO: Blender create Mesh node polySurface1090_Porsche_911GT3TouringRewardRecycled_2022_Wheel1A_3D_3DWheel2C_Material_0
13:33:15 | INFO: Blender create Mesh node polySurface1091_Porsche_911GT3TouringRewardRecycled_2022_Wheel1A_3D_3DWheel2C_Material_0
13:33:15 | INFO: Blender create Mesh node polySurface1092_Porsche_911GT3TouringRewardRecycled_2022_Wheel1A_3D_3DWheel2C_Material_0
13:33:15 | INFO: Blender create Mesh node polySurface1093_Porsche_911GT3TouringRewardRecycled_2022_Wheel1A_3D_3DWheel2C_Material_0
13:33:15 | INFO: Blender create Mesh node polySurface1094_Porsche_911GT3TouringRewardRecycled_2022_Wheel1A_3D_3DWheel2C_Material_0
13:33:15 | INFO: Blender create Mesh node polySurface1095_Porsche_911GT3TouringRewardRecycled_2022_Wheel1A_3D_3DWheel2C_Material_0
13:33:15 | INFO: Blender create Mesh node polySurface1096_Porsche_911GT3TouringRewardRecycled_2022_Wheel1A_3D_3DWheel2C_Material_0
13:33:15 | INFO: Blender create Mesh node polySurface1097_Porsche_911GT3TouringRewardRecycled_2022_Wheel1A_3D_3DWheel2C_Material_0
13:33:15 | INFO: Blender create Mesh node polySurface1098_Porsche_911GT3TouringRewardRecycled_2022_Wheel1A_3D_3DWheel2C_Material_0
13:33:15 | INFO: Blender create Mesh node polySurface1099_Porsche_911GT3TouringRewardRecycled_2022_Wheel1A_3D_3DWheel2C_Material_0
13:33:15 | INFO: Blender create Mesh node polySurface1100_Porsche_911GT3TouringRewardRecycled_2022_Wheel1A_3D_3DWheel2C_Material_0
13:33:15 | INFO: Blender create Mesh node polySurface1101_Porsche_911GT3TouringRewardRecycled_2022_Wheel1A_3D_3DWheel2C_Material_0
13:33:15 | INFO: Blender create Mesh node polySurface1102_Porsche_911GT3TouringRewardRecycled_2022_Wheel1A_3D_3DWheel2C_Material_0
13:33:15 | INFO: Blender create Mesh node polySurface1103_Porsche_911GT3TouringRewardRecycled_2022_Wheel1A_3D_3DWheel2C_Material_0
13:33:15 | INFO: Blender create Mesh node polySurface1104_Porsche_911GT3TouringRewardRecycled_2022_Wheel1A_3D_3DWheel2C_Material_0
13:33:15 | INFO: Blender create Mesh node polySurface1105_Porsche_911GT3TouringRewardRecycled_2022_Wheel1A_3D_3DWheel2C_Material_0
13:33:15 | INFO: Blender create Mesh node polySurface1106_Porsche_911GT3TouringRewardRecycled_2022_Wheel1A_3D_3DWheel2C_Material_0
13:33:15 | INFO: Blender create Mesh node polySurface1107_Porsche_911GT3TouringRewardRecycled_2022_Wheel1A_3D_3DWheel2C_Material_0
13:33:15 | INFO: Blender create Mesh node polySurface1108_Porsche_911GT3TouringRewardRecycled_2022_Wheel1A_3D_3DWheel2C_Material_0
13:33:15 | INFO: Blender create Mesh node polySurface1109_Porsche_911GT3TouringRewardRecycled_2022_Wheel1A_3D_3DWheel2C_Material_0
13:33:15 | INFO: Blender create Mesh node polySurface1110_Porsche_911GT3TouringRewardRecycled_2022_Wheel1A_3D_3DWheel2C_Material_0
13:33:15 | INFO: Blender create Mesh node polySurface1111_Porsche_911GT3TouringRewardRecycled_2022_Wheel1A_3D_3DWheel2C_Material_0
13:33:15 | INFO: Blender create Mesh node polySurface1112_Porsche_911GT3TouringRewardRecycled_2022_Wheel1A_3D_3DWheel2C_Material_0
13:33:15 | INFO: Blender create Mesh node polySurface1113_Porsche_911GT3TouringRewardRecycled_2022_Wheel1A_3D_3DWheel2C_Material_0
13:33:15 | INFO: Blender create Mesh node polySurface1114_Porsche_911GT3TouringRewardRecycled_2022_Wheel1A_3D_3DWheel2C_Material_0
13:33:15 | INFO: Blender create Mesh node polySurface1115_Porsche_911GT3TouringRewardRecycled_2022_Wheel1A_3D_3DWheel2C_Material_0
13:33:15 | INFO: Blender create Mesh node polySurface1116_Porsche_911GT3TouringRewardRecycled_2022_Wheel1A_3D_3DWheel2C_Material_0
13:33:15 | INFO: Blender create Mesh node polySurface1117_Porsche_911GT3TouringRewardRecycled_2022_Wheel1A_3D_3DWheel2C_Material_0
13:33:15 | INFO: Blender create Mesh node polySurface1118_Porsche_911GT3TouringRewardRecycled_2022_Wheel1A_3D_3DWheel2C_Material_0
13:33:15 | INFO: Blender create Mesh node polySurface1119_Porsche_911GT3TouringRewardRecycled_2022_Wheel1A_3D_3DWheel2C_Material_0
13:33:15 | INFO: Blender create Mesh node polySurface1120_Porsche_911GT3TouringRewardRecycled_2022_Wheel1A_3D_3DWheel2C_Material_0
13:33:15 | INFO: Blender create Mesh node polySurface1121_Porsche_911GT3TouringRewardRecycled_2022_Wheel1A_3D_3DWheel2C_Material_0
13:33:15 | INFO: Blender create Mesh node polySurface1122_Porsche_911GT3TouringRewardRecycled_2022_Wheel1A_3D_3DWheel2C_Material_0
13:33:15 | INFO: Blender create Mesh node polySurface1123_Porsche_911GT3TouringRewardRecycled_2022_Wheel1A_3D_3DWheel2C_Material_0
13:33:15 | INFO: Blender create Mesh node polySurface1124_Porsche_911GT3TouringRewardRecycled_2022_Wheel1A_3D_3DWheel2C_Material_0
13:33:15 | INFO: Blender create Mesh node polySurface1125_Porsche_911GT3TouringRewardRecycled_2022_Wheel1A_3D_3DWheel2C_Material_0
13:33:15 | INFO: Blender create Mesh node polySurface1126_Porsche_911GT3TouringRewardRecycled_2022_Wheel1A_3D_3DWheel2C_Material_0
13:33:15 | INFO: Blender create Mesh node polySurface1127_Porsche_911GT3TouringRewardRecycled_2022_Wheel1A_3D_3DWheel2C_Material_0
13:33:15 | INFO: Blender create Mesh node polySurface1128_Porsche_911GT3TouringRewardRecycled_2022_Wheel1A_3D_3DWheel2C_Material_0
13:33:15 | INFO: Blender create Mesh node polySurface1129_Porsche_911GT3TouringRewardRecycled_2022_Wheel1A_3D_3DWheel2C_Material_0
13:33:15 | INFO: Blender create Mesh node polySurface1130_Porsche_911GT3TouringRewardRecycled_2022_Wheel1A_3D_3DWheel2C_Material_0
13:33:15 | INFO: Blender create Mesh node polySurface1131_Porsche_911GT3TouringRewardRecycled_2022_Wheel1A_3D_3DWheel2C_Material_0
13:33:15 | INFO: Blender create Mesh node polySurface1132_Porsche_911GT3TouringRewardRecycled_2022_Wheel1A_3D_3DWheel2C_Material_0
13:33:15 | INFO: Blender create Mesh node polySurface1133_Porsche_911GT3TouringRewardRecycled_2022_Wheel1A_3D_3DWheel2C_Material_0
13:33:15 | INFO: Blender create Mesh node polySurface1134_Porsche_911GT3TouringRewardRecycled_2022_Wheel1A_3D_3DWheel2C_Material_0
13:33:15 | INFO: Blender create Mesh node polySurface1135_Porsche_911GT3TouringRewardRecycled_2022_Wheel1A_3D_3DWheel2C_Material_0
13:33:15 | INFO: Blender create Mesh node polySurface1136_Porsche_911GT3TouringRewardRecycled_2022_Wheel1A_3D_3DWheel2C_Material_0
13:33:15 | INFO: Blender create Mesh node polySurface1137_Porsche_911GT3TouringRewardRecycled_2022_Wheel1A_3D_3DWheel2C_Material_0
13:33:15 | INFO: Blender create Mesh node polySurface1138_Porsche_911GT3TouringRewardRecycled_2022_Wheel1A_3D_3DWheel2C_Material_0
13:33:15 | INFO: Blender create Mesh node polySurface1139_Porsche_911GT3TouringRewardRecycled_2022_CallipersCalliperA_Zone_Material_0
13:33:15 | INFO: Blender create Mesh node polySurface1140_Porsche_911GT3TouringRewardRecycled_2022_CallipersCalliperA_Zone_Material_0
13:33:15 | INFO: Blender create Mesh node polySurface1141_Porsche_911GT3TouringRewardRecycled_2022_CallipersCalliperA_Zone_Material_0
13:33:15 | INFO: Blender create Mesh node polySurface1142_Porsche_911GT3TouringRewardRecycled_2022_CallipersCalliperA_Zone_Material_0
13:33:15 | INFO: Blender create Mesh node polySurface1143_Porsche_911GT3TouringRewardRecycled_2022_CallipersCalliperA_Zone_Material_0
13:33:15 | INFO: Blender create Mesh node polySurface1144_Porsche_911GT3TouringRewardRecycled_2022_CallipersCalliperA_Zone_Material_0
13:33:15 | INFO: Blender create Mesh node polySurface1145_Porsche_911GT3TouringRewardRecycled_2022_CallipersCalliperA_Zone_Material_0
13:33:15 | INFO: Blender create Mesh node polySurface1146_Porsche_911GT3TouringRewardRecycled_2022_CallipersCalliperA_Zone_Material_0
13:33:15 | INFO: Blender create Mesh node polySurface1147_Porsche_911GT3TouringRewardRecycled_2022_CallipersCalliperA_Zone_Material_0
13:33:15 | INFO: Blender create Mesh node polySurface1148_Porsche_911GT3TouringRewardRecycled_2022_CallipersCalliperA_Zone_Material_0
13:33:15 | INFO: Blender create Mesh node polySurface1149_Porsche_911GT3TouringRewardRecycled_2022_CallipersCalliperA_Zone_Material_0
13:33:15 | INFO: Blender create Mesh node polySurface1150_Porsche_911GT3TouringRewardRecycled_2022_CallipersCalliperA_Zone_Material_0
13:33:15 | INFO: Blender create Mesh node polySurface1151_Porsche_911GT3TouringRewardRecycled_2022_CallipersCalliperA_Zone_Material_0
13:33:15 | INFO: Blender create Mesh node polySurface1152_Porsche_911GT3TouringRewardRecycled_2022_CallipersCalliperA_Zone_Material_0
13:33:15 | INFO: Blender create Mesh node polySurface1153_Porsche_911GT3TouringRewardRecycled_2022_CallipersCalliperA_Zone_Material_0
13:33:15 | INFO: Blender create Mesh node polySurface1154_Porsche_911GT3TouringRewardRecycled_2022_CallipersCalliperA_Zone_Material_0
13:33:15 | INFO: Blender create Mesh node polySurface1155_Porsche_911GT3TouringRewardRecycled_2022_CallipersCalliperA_Zone_Material_0
13:33:15 | INFO: Blender create Mesh node polySurface1156_Porsche_911GT3TouringRewardRecycled_2022_CallipersCalliperA_Zone_Material_0
13:33:15 | INFO: Blender create Mesh node polySurface1157_Porsche_911GT3TouringRewardRecycled_2022_CallipersCalliperA_Zone_Material_0
13:33:15 | INFO: Blender create Mesh node polySurface1158_Porsche_911GT3TouringRewardRecycled_2022_CallipersCalliperA_Zone_Material_0
13:33:15 | INFO: Blender create Mesh node polySurface1159_Porsche_911GT3TouringRewardRecycled_2022_CallipersCalliperA_Zone_Material_0
13:33:15 | INFO: Blender create Mesh node polySurface1160_Porsche_911GT3TouringRewardRecycled_2022_CallipersCalliperA_Zone_Material_0
13:33:15 | INFO: Blender create Mesh node polySurface1161_Porsche_911GT3TouringRewardRecycled_2022_CallipersCalliperA_Zone_Material_0
13:33:15 | INFO: Blender create Mesh node polySurface1162_Porsche_911GT3TouringRewardRecycled_2022_CallipersCalliperA_Zone_Material_0
13:33:15 | INFO: Blender create Mesh node polySurface1163_Porsche_911GT3TouringRewardRecycled_2022_CallipersCalliperA_Zone_Material_0
13:33:15 | INFO: Blender create Mesh node polySurface1164_Porsche_911GT3TouringRewardRecycled_2022_CallipersCalliperA_Zone_Material_0
13:33:15 | INFO: Blender create Mesh node polySurface1165_Porsche_911GT3TouringRewardRecycled_2022_CallipersCalliperA_Zone_Material_0
13:33:15 | INFO: Blender create Mesh node polySurface1166_Porsche_911GT3TouringRewardRecycled_2022_CallipersCalliperA_Zone_Material_0
13:33:15 | INFO: Blender create Mesh node polySurface1167_Porsche_911GT3TouringRewardRecycled_2022_CallipersCalliperA_Zone_Material_0
13:33:16 | INFO: Blender create Mesh node polySurface1168_Porsche_911GT3TouringRewardRecycled_2022_CallipersCalliperA_Zone_Material_0
13:33:16 | INFO: Blender create Mesh node polySurface1169_Porsche_911GT3TouringRewardRecycled_2022_CallipersCalliperA_Zone_Material_0
13:33:16 | INFO: Blender create Mesh node polySurface1170_Porsche_911GT3TouringRewardRecycled_2022_CallipersCalliperA_Zone_Material_0
13:33:16 | INFO: Blender create Mesh node polySurface1171_Porsche_911GT3TouringRewardRecycled_2022_CallipersCalliperA_Zone_Material_0
13:33:16 | INFO: Blender create Mesh node polySurface1172_Porsche_911GT3TouringRewardRecycled_2022_CallipersCalliperA_Zone_Material_0
13:33:16 | INFO: Blender create Mesh node polySurface1173_Porsche_911GT3TouringRewardRecycled_2022_CallipersCalliperA_Zone_Material_0
13:33:16 | INFO: Blender create Mesh node polySurface1174_Porsche_911GT3TouringRewardRecycled_2022_CallipersCalliperA_Zone_Material_0
13:33:16 | INFO: Blender create Mesh node polySurface1175_Porsche_911GT3TouringRewardRecycled_2022_CallipersCalliperA_Zone_Material_0
13:33:16 | INFO: Blender create Mesh node polySurface1176_Porsche_911GT3TouringRewardRecycled_2022_CallipersCalliperA_Zone_Material_0
13:33:16 | INFO: Blender create Mesh node polySurface1177_Porsche_911GT3TouringRewardRecycled_2022_CallipersCalliperA_Zone_Material_0
13:33:16 | INFO: Blender create Mesh node polySurface1178_Porsche_911GT3TouringRewardRecycled_2022_CallipersCalliperA_Zone_Material_0
13:33:16 | INFO: Blender create Mesh node polySurface1179_Porsche_911GT3TouringRewardRecycled_2022_CallipersCalliperA_Zone_Material_0
13:33:16 | INFO: Blender create Mesh node polySurface1180_Porsche_911GT3TouringRewardRecycled_2022_CallipersCalliperA_Zone_Material_0
13:33:16 | INFO: Blender create Mesh node polySurface1181_Porsche_911GT3TouringRewardRecycled_2022_CallipersCalliperA_Zone_Material_0
13:33:16 | INFO: Blender create Mesh node polySurface1182_Porsche_911GT3TouringRewardRecycled_2022_CallipersCalliperA_Zone_Material_0
13:33:16 | INFO: Blender create Mesh node polySurface1183_Porsche_911GT3TouringRewardRecycled_2022_CallipersCalliperA_Zone_Material_0
13:33:16 | INFO: Blender create Mesh node polySurface1184_Porsche_911GT3TouringRewardRecycled_2022_CallipersCalliperA_Zone_Material_0
13:33:16 | INFO: Blender create Mesh node polySurface1185_Porsche_911GT3TouringRewardRecycled_2022_CallipersCalliperA_Zone_Material_0
13:33:16 | INFO: Blender create Mesh node polySurface1186_Porsche_911GT3TouringRewardRecycled_2022_CallipersCalliperA_Zone_Material_0
13:33:16 | INFO: Blender create Mesh node polySurface1187_Porsche_911GT3TouringRewardRecycled_2022_CallipersCalliperA_Zone_Material_0
13:33:16 | INFO: Blender create Mesh node polySurface1188_Porsche_911GT3TouringRewardRecycled_2022_CallipersCalliperA_Zone_Material_0
13:33:16 | INFO: Blender create Mesh node polySurface1189_Porsche_911GT3TouringRewardRecycled_2022_CallipersCalliperA_Zone_Material_0
13:33:16 | INFO: Blender create Mesh node polySurface1190_Porsche_911GT3TouringRewardRecycled_2022_CallipersCalliperA_Zone_Material_0
13:33:16 | INFO: Blender create Mesh node polySurface1191_Porsche_911GT3TouringRewardRecycled_2022_CallipersCalliperA_Zone_Material_0
13:33:16 | INFO: Blender create Mesh node polySurface1192_Porsche_911GT3TouringRewardRecycled_2022_CallipersCalliperA_Zone_Material_0
13:33:16 | INFO: Blender create Mesh node polySurface1193_Porsche_911GT3TouringRewardRecycled_2022_CallipersCalliperA_Zone_Material_0
13:33:16 | INFO: Blender create Mesh node polySurface1194_Porsche_911GT3TouringRewardRecycled_2022_CallipersCalliperA_Zone_Material_0
13:33:16 | INFO: Blender create Mesh node polySurface1195_Porsche_911GT3TouringRewardRecycled_2022_CallipersCalliperA_Zone_Material_0
13:33:16 | INFO: Blender create Mesh node polySurface1196_Porsche_911GT3TouringRewardRecycled_2022_CallipersCalliperA_Zone_Material_0
13:33:16 | INFO: Blender create Mesh node polySurface1197_Porsche_911GT3TouringRewardRecycled_2022_CallipersCalliperA_Zone_Material_0
13:33:16 | INFO: Blender create Mesh node polySurface1198_Porsche_911GT3TouringRewardRecycled_2022_CallipersCalliperA_Zone_Material_0
13:33:16 | INFO: Blender create Mesh node polySurface1199_Porsche_911GT3TouringRewardRecycled_2022_CallipersCalliperA_Zone_Material_0
13:33:16 | INFO: Blender create Mesh node polySurface1200_Porsche_911GT3TouringRewardRecycled_2022_CallipersCalliperA_Zone_Material_0
13:33:16 | INFO: Blender create Mesh node polySurface1201_Porsche_911GT3TouringRewardRecycled_2022_CallipersCalliperA_Zone_Material_0
13:33:16 | INFO: Blender create Mesh node polySurface1202_Porsche_911GT3TouringRewardRecycled_2022_CallipersCalliperA_Zone_Material_0
13:33:16 | INFO: Blender create Mesh node polySurface1203_Porsche_911GT3TouringRewardRecycled_2022_CallipersCalliperA_Zone_Material_0
13:33:16 | INFO: Blender create Mesh node polySurface1204_Porsche_911GT3TouringRewardRecycled_2022_CallipersCalliperA_Zone_Material_0
13:33:16 | INFO: Blender create Mesh node polySurface1205_Porsche_911GT3TouringRewardRecycled_2022_CallipersCalliperA_Zone_Material_0
13:33:16 | INFO: Blender create Mesh node polySurface1206_Porsche_911GT3TouringRewardRecycled_2022_CallipersCalliperA_Zone_Material_0
13:33:16 | INFO: Blender create Mesh node polySurface1207_Porsche_911GT3TouringRewardRecycled_2022_CallipersCalliperA_Zone_Material_0
13:33:16 | INFO: Blender create Mesh node polySurface1208_Porsche_911GT3TouringRewardRecycled_2022_CallipersCalliperA_Zone_Material_0
13:33:16 | INFO: Blender create Mesh node polySurface1209_Porsche_911GT3TouringRewardRecycled_2022_CallipersCalliperA_Zone_Material_0
13:33:16 | INFO: Blender create Mesh node polySurface1210_Porsche_911GT3TouringRewardRecycled_2022_CallipersCalliperA_Zone_Material_0
13:33:16 | INFO: Blender create Mesh node polySurface1211_Porsche_911GT3TouringRewardRecycled_2022_CallipersCalliperA_Zone_Material_0
13:33:16 | INFO: Blender create Mesh node polySurface1212_Porsche_911GT3TouringRewardRecycled_2022_CallipersCalliperA_Zone_Material_0
13:33:16 | INFO: Blender create Mesh node polySurface1213_Porsche_911GT3TouringRewardRecycled_2022_CallipersCalliperA_Zone_Material_0
13:33:16 | INFO: Blender create Mesh node polySurface1214_Porsche_911GT3TouringRewardRecycled_2022_CallipersCalliperA_Zone_Material_0
13:33:16 | INFO: Blender create Mesh node polySurface1215_Porsche_911GT3TouringRewardRecycled_2022_CallipersCalliperA_Zone_Material_0
13:33:16 | INFO: Blender create Mesh node polySurface1216_Porsche_911GT3TouringRewardRecycled_2022_CallipersCalliperA_Zone_Material_0
13:33:16 | INFO: Blender create Mesh node polySurface1217_Porsche_911GT3TouringRewardRecycled_2022_CallipersCalliperA_Zone_Material_0
13:33:16 | INFO: Blender create Mesh node polySurface1218_Porsche_911GT3TouringRewardRecycled_2022_CallipersCalliperA_Zone_Material_0
13:33:16 | INFO: Blender create Mesh node polySurface1219_Porsche_911GT3TouringRewardRecycled_2022_CallipersCalliperA_Zone_Material_0
13:33:16 | INFO: Blender create Mesh node polySurface1220_Porsche_911GT3TouringRewardRecycled_2022_CallipersCalliperA_Zone_Material_0
13:33:16 | INFO: Blender create Mesh node polySurface1221_Porsche_911GT3TouringRewardRecycled_2022_CallipersCalliperA_Zone_Material_0
13:33:16 | INFO: Blender create Mesh node polySurface1222_Porsche_911GT3TouringRewardRecycled_2022_CallipersCalliperA_Zone_Material_0
13:33:16 | INFO: Blender create Mesh node polySurface1223_Porsche_911GT3TouringRewardRecycled_2022_CallipersCalliperA_Zone_Material_0
13:33:16 | INFO: Blender create Mesh node polySurface1224_Porsche_911GT3TouringRewardRecycled_2022_CallipersCalliperA_Zone_Material_0
13:33:16 | INFO: Blender create Mesh node polySurface1225_Porsche_911GT3TouringRewardRecycled_2022_CallipersCalliperA_Zone_Material_0
13:33:16 | INFO: Blender create Mesh node polySurface1226_Porsche_911GT3TouringRewardRecycled_2022_CallipersCalliperA_Zone_Material_0
13:33:16 | INFO: Blender create Mesh node polySurface1227_Porsche_911GT3TouringRewardRecycled_2022_CallipersCalliperA_Zone_Material_0
13:33:16 | INFO: Blender create Mesh node polySurface1228_Porsche_911GT3TouringRewardRecycled_2022_CallipersCalliperA_Zone_Material_0
13:33:16 | INFO: Blender create Mesh node polySurface1229_Porsche_911GT3TouringRewardRecycled_2022_CallipersCalliperA_Zone_Material_0
13:33:16 | INFO: Blender create Mesh node polySurface1230_Porsche_911GT3TouringRewardRecycled_2022_CallipersCalliperA_Zone_Material_0
13:33:16 | INFO: Blender create Mesh node polySurface1231_Porsche_911GT3TouringRewardRecycled_2022_CallipersCalliperA_Zone_Material_0
13:33:16 | INFO: Blender create Mesh node polySurface1232_Porsche_911GT3TouringRewardRecycled_2022_CallipersCalliperA_Zone_Material_0
13:33:16 | INFO: Blender create Mesh node polySurface1233_Porsche_911GT3TouringRewardRecycled_2022_CallipersCalliperA_Zone_Material_0
13:33:16 | INFO: Blender create Mesh node polySurface1234_Porsche_911GT3TouringRewardRecycled_2022_CallipersCalliperA_Zone_Material_0
13:33:16 | INFO: Blender create Mesh node polySurface1235_Porsche_911GT3TouringRewardRecycled_2022_CallipersCalliperA_Zone_Material_0
13:33:16 | INFO: Blender create Mesh node polySurface1236_Porsche_911GT3TouringRewardRecycled_2022_CallipersCalliperA_Zone_Material_0
13:33:16 | INFO: Blender create Mesh node polySurface1237_Porsche_911GT3TouringRewardRecycled_2022_CallipersCalliperA_Zone_Material_0
13:33:16 | INFO: Blender create Mesh node polySurface1238_Porsche_911GT3TouringRewardRecycled_2022_CallipersCalliperA_Zone_Material_0
13:33:16 | INFO: Blender create Mesh node polySurface1239_Porsche_911GT3TouringRewardRecycled_2022_CallipersCalliperA_Zone_Material_0
13:33:16 | INFO: Blender create Mesh node polySurface1240_Porsche_911GT3TouringRewardRecycled_2022_CallipersCalliperA_Zone_Material_0
13:33:16 | INFO: Blender create Mesh node polySurface1241_Porsche_911GT3TouringRewardRecycled_2022_CallipersCalliperA_Zone_Material_0
13:33:16 | INFO: Blender create Mesh node polySurface1242_Porsche_911GT3TouringRewardRecycled_2022_CallipersCalliperA_Zone_Material_0
13:33:16 | INFO: Blender create Mesh node polySurface1243_Porsche_911GT3TouringRewardRecycled_2022_CallipersCalliperA_Zone_Material_0
13:33:16 | INFO: Blender create Mesh node polySurface1244_Porsche_911GT3TouringRewardRecycled_2022_CallipersCalliperA_Zone_Material_0
13:33:16 | INFO: Blender create Mesh node polySurface1245_Porsche_911GT3TouringRewardRecycled_2022_CallipersCalliperA_Zone_Material_0
13:33:16 | INFO: Blender create Mesh node polySurface1246_Porsche_911GT3TouringRewardRecycled_2022_CallipersCalliperA_Zone_Material_0
13:33:16 | INFO: Blender create Mesh node polySurface1247_Porsche_911GT3TouringRewardRecycled_2022_CallipersCalliperA_Zone_Material_0
13:33:16 | INFO: Blender create Mesh node polySurface1248_Porsche_911GT3TouringRewardRecycled_2022_CallipersCalliperA_Zone_Material_0
13:33:16 | INFO: Blender create Mesh node polySurface1249_Porsche_911GT3TouringRewardRecycled_2022_CallipersCalliperA_Zone_Material_0
13:33:16 | INFO: Blender create Mesh node polySurface1250_Porsche_911GT3TouringRewardRecycled_2022_CallipersCalliperA_Zone_Material_0
13:33:16 | INFO: Blender create Mesh node polySurface1251_Porsche_911GT3TouringRewardRecycled_2022_CallipersCalliperA_Zone_Material_0
13:33:16 | INFO: Blender create Mesh node polySurface1252_Porsche_911GT3TouringRewardRecycled_2022_CallipersCalliperA_Zone_Material_0
13:33:16 | INFO: Blender create Mesh node polySurface1253_Porsche_911GT3TouringRewardRecycled_2022_CallipersCalliperA_Zone_Material_0
13:33:16 | INFO: Blender create Mesh node polySurface1254_Porsche_911GT3TouringRewardRecycled_2022_CallipersCalliperA_Zone_Material_0
13:33:16 | INFO: Blender create Mesh node polySurface1255_Porsche_911GT3TouringRewardRecycled_2022_CallipersCalliperA_Zone_Material_0
13:33:16 | INFO: Blender create Mesh node polySurface1256_Porsche_911GT3TouringRewardRecycled_2022_CallipersCalliperA_Zone_Material_0
13:33:16 | INFO: Blender create Mesh node polySurface1257_Porsche_911GT3TouringRewardRecycled_2022_CallipersCalliperA_Zone_Material_0
13:33:16 | INFO: Blender create Mesh node polySurface1258_Porsche_911GT3TouringRewardRecycled_2022_CallipersCalliperA_Zone_Material_0
13:33:16 | INFO: Blender create Mesh node polySurface1259_Porsche_911GT3TouringRewardRecycled_2022_CallipersCalliperA_Zone_Material_0
13:33:16 | INFO: Blender create Mesh node polySurface1260_Porsche_911GT3TouringRewardRecycled_2022_CallipersCalliperA_Zone_Material_0
13:33:16 | INFO: Blender create Mesh node polySurface1261_Porsche_911GT3TouringRewardRecycled_2022_CallipersCalliperA_Zone_Material_0
13:33:16 | INFO: Blender create Mesh node polySurface1262_Porsche_911GT3TouringRewardRecycled_2022_CallipersCalliperA_Zone_Material_0
13:33:16 | INFO: Blender create Mesh node polySurface1263_Porsche_911GT3TouringRewardRecycled_2022_CallipersCalliperA_Zone_Material_0
13:33:16 | INFO: Blender create Mesh node polySurface1264_Porsche_911GT3TouringRewardRecycled_2022_CallipersCalliperA_Zone_Material_0
13:33:16 | INFO: Blender create Mesh node polySurface1265_Porsche_911GT3TouringRewardRecycled_2022_CallipersCalliperA_Zone_Material_0
13:33:16 | INFO: Blender create Mesh node polySurface1266_Porsche_911GT3TouringRewardRecycled_2022_CallipersCalliperA_Zone_Material_0
13:33:16 | INFO: Blender create Mesh node polySurface1267_Porsche_911GT3TouringRewardRecycled_2022_CallipersCalliperA_Zone_Material_0
13:33:16 | INFO: Blender create Mesh node polySurface1268_Porsche_911GT3TouringRewardRecycled_2022_CallipersCalliperA_Zone_Material_0
13:33:16 | INFO: Blender create Mesh node polySurface1269_Porsche_911GT3TouringRewardRecycled_2022_CallipersCalliperA_Zone_Material_0
13:33:16 | INFO: Blender create Mesh node polySurface1270_Porsche_911GT3TouringRewardRecycled_2022_CallipersCalliperA_Zone_Material_0
13:33:16 | INFO: Blender create Mesh node polySurface1271_Porsche_911GT3TouringRewardRecycled_2022_CallipersCalliperA_Zone_Material_0
13:33:16 | INFO: Blender create Mesh node polySurface1272_Porsche_911GT3TouringRewardRecycled_2022_CallipersCalliperA_Zone_Material_0
13:33:16 | INFO: Blender create Mesh node polySurface1273_Porsche_911GT3TouringRewardRecycled_2022_CallipersCalliperA_Zone_Material_0
13:33:16 | INFO: Blender create Mesh node polySurface1274_Porsche_911GT3TouringRewardRecycled_2022_CallipersCalliperA_Zone_Material_0
13:33:16 | INFO: Blender create Mesh node polySurface1275_Porsche_911GT3TouringRewardRecycled_2022_CallipersCalliperA_Zone_Material_0
13:33:16 | INFO: Blender create Mesh node polySurface1276_Porsche_911GT3TouringRewardRecycled_2022_CallipersCalliperA_Zone_Material_0
13:33:16 | INFO: Blender create Mesh node polySurface1277_Porsche_911GT3TouringRewardRecycled_2022_CallipersCalliperA_Zone_Material_0
13:33:16 | INFO: Blender create Mesh node polySurface1278_Porsche_911GT3TouringRewardRecycled_2022_CallipersCalliperA_Zone_Material_0
13:33:16 | INFO: Blender create Mesh node polySurface1279_Porsche_911GT3TouringRewardRecycled_2022_CallipersCalliperA_Zone_Material_0
13:33:16 | INFO: Blender create Mesh node polySurface1280_Porsche_911GT3TouringRewardRecycled_2022_CallipersCalliperA_Zone_Material_0
13:33:16 | INFO: Blender create Mesh node polySurface1281_Porsche_911GT3TouringRewardRecycled_2022_CallipersCalliperA_Zone_Material_0
13:33:16 | INFO: Blender create Mesh node polySurface1282_Porsche_911GT3TouringRewardRecycled_2022_CallipersCalliperA_Zone_Material_0
13:33:16 | INFO: Blender create Mesh node polySurface1283_Porsche_911GT3TouringRewardRecycled_2022_CallipersCalliperA_Zone_Material_0
13:33:16 | INFO: Blender create Mesh node polySurface1284_Porsche_911GT3TouringRewardRecycled_2022_CallipersCalliperA_Zone_Material_0
13:33:16 | INFO: Blender create Mesh node polySurface1285_Porsche_911GT3TouringRewardRecycled_2022_CallipersCalliperA_Zone_Material_0
13:33:16 | INFO: Blender create Mesh node polySurface1286_Porsche_911GT3TouringRewardRecycled_2022_CallipersCalliperA_Zone_Material_0
13:33:16 | INFO: Blender create Mesh node polySurface1287_Porsche_911GT3TouringRewardRecycled_2022_CallipersCalliperA_Zone_Material_0
13:33:16 | INFO: Blender create Mesh node polySurface1288_Porsche_911GT3TouringRewardRecycled_2022_CallipersCalliperA_Zone_Material_0
13:33:16 | INFO: Blender create Mesh node polySurface1289_Porsche_911GT3TouringRewardRecycled_2022_CallipersCalliperA_Zone_Material_0
13:33:16 | INFO: Blender create Mesh node polySurface1290_Porsche_911GT3TouringRewardRecycled_2022_CallipersCalliperA_Zone_Material_0
13:33:16 | INFO: Blender create Mesh node polySurface1291_Porsche_911GT3TouringRewardRecycled_2022_CallipersCalliperA_Zone_Material_0
13:33:16 | INFO: Blender create Mesh node polySurface1292_Porsche_911GT3TouringRewardRecycled_2022_CallipersCalliperA_Zone_Material_0
13:33:16 | INFO: Blender create Mesh node polySurface1293_Porsche_911GT3TouringRewardRecycled_2022_CallipersCalliperA_Zone_Material_0
13:33:16 | INFO: Blender create Mesh node polySurface1294_Porsche_911GT3TouringRewardRecycled_2022_CallipersCalliperA_Zone_Material_0
13:33:16 | INFO: Blender create Mesh node polySurface1295_Porsche_911GT3TouringRewardRecycled_2022_CallipersCalliperA_Zone_Material_0
13:33:16 | INFO: Blender create Mesh node polySurface1296_Porsche_911GT3TouringRewardRecycled_2022_CallipersCalliperA_Zone_Material_0
13:33:16 | INFO: Blender create Mesh node polySurface1297_Porsche_911GT3TouringRewardRecycled_2022_CallipersCalliperA_Zone_Material_0
13:33:16 | INFO: Blender create Mesh node polySurface1298_Porsche_911GT3TouringRewardRecycled_2022_CallipersCalliperA_Zone_Material_0
13:33:16 | INFO: Blender create Mesh node polySurface1299_Porsche_911GT3TouringRewardRecycled_2022_CallipersCalliperA_Zone_Material_0
13:33:16 | INFO: Blender create Mesh node polySurface1300_Porsche_911GT3TouringRewardRecycled_2022_CallipersCalliperA_Zone_Material_0
13:33:16 | INFO: Blender create Mesh node polySurface1301_Porsche_911GT3TouringRewardRecycled_2022_CallipersCalliperA_Zone_Material_0
13:33:16 | INFO: Blender create Mesh node polySurface1302_Porsche_911GT3TouringRewardRecycled_2022_CallipersCalliperA_Zone_Material_0
13:33:16 | INFO: Blender create Mesh node polySurface1303_Porsche_911GT3TouringRewardRecycled_2022_CallipersCalliperA_Zone_Material_0
13:33:16 | INFO: Blender create Mesh node polySurface1304_Porsche_911GT3TouringRewardRecycled_2022_CallipersCalliperA_Zone_Material_0
13:33:16 | INFO: Blender create Mesh node polySurface1305_Porsche_911GT3TouringRewardRecycled_2022_CallipersCalliperA_Zone_Material_0
13:33:16 | INFO: Blender create Mesh node polySurface1306_Porsche_911GT3TouringRewardRecycled_2022_CallipersCalliperA_Zone_Material_0
13:33:16 | INFO: Blender create Mesh node polySurface1307_Porsche_911GT3TouringRewardRecycled_2022_CallipersCalliperA_Zone_Material_0
13:33:16 | INFO: Blender create Mesh node polySurface1308_Porsche_911GT3TouringRewardRecycled_2022_CallipersCalliperA_Zone_Material_0
13:33:16 | INFO: Blender create Mesh node polySurface1309_Porsche_911GT3TouringRewardRecycled_2022_CallipersCalliperA_Zone_Material_0
13:33:16 | INFO: Blender create Mesh node polySurface1310_Porsche_911GT3TouringRewardRecycled_2022_CallipersCalliperA_Zone_Material_0
13:33:16 | INFO: Blender create Mesh node polySurface1311_Porsche_911GT3TouringRewardRecycled_2022_CallipersCalliperA_Zone_Material_0
13:33:16 | INFO: Blender create Mesh node polySurface1312_Porsche_911GT3TouringRewardRecycled_2022_CallipersCalliperA_Zone_Material_0
13:33:16 | INFO: Blender create Mesh node polySurface1313_Porsche_911GT3TouringRewardRecycled_2022_CallipersCalliperA_Zone_Material_0
13:33:16 | INFO: Blender create Mesh node polySurface1314_Porsche_911GT3TouringRewardRecycled_2022_CallipersCalliperA_Zone_Material_0
13:33:16 | INFO: Blender create Mesh node polySurface1315_Porsche_911GT3TouringRewardRecycled_2022_CallipersCalliperA_Zone_Material_0
13:33:16 | INFO: Blender create Mesh node polySurface1316_Porsche_911GT3TouringRewardRecycled_2022_CallipersCalliperA_Zone_Material_0
13:33:16 | INFO: Blender create Mesh node polySurface1317_Porsche_911GT3TouringRewardRecycled_2022_CallipersCalliperA_Zone_Material_0
13:33:16 | INFO: Blender create Mesh node polySurface1318_Porsche_911GT3TouringRewardRecycled_2022_CallipersCalliperA_Zone_Material_0
13:33:16 | INFO: Blender create Mesh node polySurface1319_Porsche_911GT3TouringRewardRecycled_2022_CallipersCalliperA_Zone_Material_0
13:33:16 | INFO: Blender create Mesh node polySurface1320_Porsche_911GT3TouringRewardRecycled_2022_CallipersCalliperA_Zone_Material_0
13:33:16 | INFO: Blender create Mesh node polySurface1321_Porsche_911GT3TouringRewardRecycled_2022_CallipersCalliperA_Zone_Material_0
13:33:16 | INFO: Blender create Mesh node polySurface1322_Porsche_911GT3TouringRewardRecycled_2022_CallipersCalliperA_Zone_Material_0
13:33:16 | INFO: Blender create Mesh node polySurface1323_Porsche_911GT3TouringRewardRecycled_2022_CallipersCalliperA_Zone_Material_0
13:33:16 | INFO: Blender create Mesh node polySurface1324_Porsche_911GT3TouringRewardRecycled_2022_CallipersCalliperA_Zone_Material_0
13:33:16 | INFO: Blender create Mesh node polySurface1325_Porsche_911GT3TouringRewardRecycled_2022_CallipersCalliperA_Zone_Material_0
13:33:16 | INFO: Blender create Mesh node polySurface1326_Porsche_911GT3TouringRewardRecycled_2022_CallipersCalliperA_Zone_Material_0
13:33:16 | INFO: Blender create Mesh node polySurface1327_Porsche_911GT3TouringRewardRecycled_2022_CallipersCalliperA_Zone_Material_0
13:33:16 | INFO: Blender create Mesh node polySurface1328_Porsche_911GT3TouringRewardRecycled_2022_CallipersCalliperA_Zone_Material_0
13:33:16 | INFO: Blender create Mesh node polySurface1329_Porsche_911GT3TouringRewardRecycled_2022_CallipersCalliperA_Zone_Material_0
13:33:16 | INFO: Blender create Mesh node polySurface1330_Porsche_911GT3TouringRewardRecycled_2022_CallipersCalliperA_Zone_Material_0
13:33:16 | INFO: Blender create Mesh node polySurface1331_Porsche_911GT3TouringRewardRecycled_2022_CallipersCalliperA_Zone_Material_0
13:33:16 | INFO: Blender create Mesh node polySurface1332_Porsche_911GT3TouringRewardRecycled_2022_CallipersCalliperA_Zone_Material_0
13:33:16 | INFO: Blender create Mesh node polySurface1333_Porsche_911GT3TouringRewardRecycled_2022_CallipersCalliperA_Zone_Material_0
13:33:16 | INFO: Blender create Mesh node polySurface1334_Porsche_911GT3TouringRewardRecycled_2022_CallipersCalliperA_Zone_Material_0
13:33:16 | INFO: Blender create Mesh node polySurface1335_Porsche_911GT3TouringRewardRecycled_2022_CallipersCalliperA_Zone_Material_0
13:33:16 | INFO: Blender create Mesh node polySurface1336_Porsche_911GT3TouringRewardRecycled_2022_CallipersCalliperA_Zone_Material_0
13:33:16 | INFO: Blender create Mesh node polySurface1337_Porsche_911GT3TouringRewardRecycled_2022_CallipersCalliperA_Zone_Material_0
13:33:16 | INFO: Blender create Mesh node polySurface1338_Porsche_911GT3TouringRewardRecycled_2022_CallipersCalliperA_Zone_Material_0
13:33:16 | INFO: Blender create Mesh node polySurface1339_Porsche_911GT3TouringRewardRecycled_2022_CallipersCalliperA_Zone_Material_0
13:33:16 | INFO: Blender create Mesh node polySurface1340_Porsche_911GT3TouringRewardRecycled_2022_CallipersCalliperA_Zone_Material_0
13:33:16 | INFO: Blender create Mesh node polySurface1341_Porsche_911GT3TouringRewardRecycled_2022_CallipersCalliperA_Zone_Material_0
13:33:16 | INFO: Blender create Mesh node polySurface1342_Porsche_911GT3TouringRewardRecycled_2022_CallipersCalliperA_Zone_Material_0
13:33:16 | INFO: Blender create Mesh node polySurface1343_Porsche_911GT3TouringRewardRecycled_2022_CallipersCalliperA_Zone_Material_0
13:33:16 | INFO: Blender create Mesh node polySurface1344_Porsche_911GT3TouringRewardRecycled_2022_CallipersCalliperA_Zone_Material_0
13:33:16 | INFO: Blender create Mesh node polySurface1345_Porsche_911GT3TouringRewardRecycled_2022_CallipersCalliperA_Zone_Material_0
13:33:16 | INFO: Blender create Mesh node polySurface1346_Porsche_911GT3TouringRewardRecycled_2022_CallipersCalliperA_Zone_Material_0
13:33:16 | INFO: Blender create Mesh node polySurface1347_Porsche_911GT3TouringRewardRecycled_2022_CallipersCalliperA_Zone_Material_0
13:33:16 | INFO: Blender create Mesh node polySurface1348_Porsche_911GT3TouringRewardRecycled_2022_CallipersCalliperA_Zone_Material_0
13:33:16 | INFO: Blender create Mesh node polySurface1349_Porsche_911GT3TouringRewardRecycled_2022_CallipersCalliperA_Zone_Material_0
13:33:16 | INFO: Blender create Mesh node polySurface1350_Porsche_911GT3TouringRewardRecycled_2022_CallipersCalliperA_Zone_Material_0
13:33:16 | INFO: Blender create Mesh node polySurface1351_Porsche_911GT3TouringRewardRecycled_2022_CallipersCalliperA_Zone_Material_0
13:33:16 | INFO: Blender create Mesh node polySurface1352_Porsche_911GT3TouringRewardRecycled_2022_CallipersCalliperA_Zone_Material_0
13:33:16 | INFO: Blender create Mesh node polySurface1353_Porsche_911GT3TouringRewardRecycled_2022_CallipersCalliperA_Zone_Material_0
13:33:16 | INFO: Blender create Mesh node polySurface1354_Porsche_911GT3TouringRewardRecycled_2022_CallipersCalliperA_Zone_Material_0
13:33:16 | INFO: Blender create Mesh node polySurface1355_Porsche_911GT3TouringRewardRecycled_2022_CallipersCalliperA_Zone_Material_0
13:33:16 | INFO: Blender create Mesh node polySurface1356_Porsche_911GT3TouringRewardRecycled_2022_CallipersCalliperA_Zone_Material_0
13:33:16 | INFO: Blender create Mesh node polySurface1357_Porsche_911GT3TouringRewardRecycled_2022_CallipersCalliperA_Zone_Material_0
13:33:16 | INFO: Blender create Mesh node polySurface1358_Porsche_911GT3TouringRewardRecycled_2022_CallipersCalliperA_Zone_Material_0
13:33:16 | INFO: Blender create Mesh node polySurface1359_Porsche_911GT3TouringRewardRecycled_2022_CallipersCalliperA_Zone_Material_0
13:33:16 | INFO: Blender create Mesh node polySurface1360_Porsche_911GT3TouringRewardRecycled_2022_CallipersCalliperA_Zone_Material_0
13:33:16 | INFO: Blender create Mesh node polySurface1361_Porsche_911GT3TouringRewardRecycled_2022_CallipersCalliperA_Zone_Material_0
13:33:16 | INFO: Blender create Mesh node polySurface1362_Porsche_911GT3TouringRewardRecycled_2022_CallipersCalliperA_Zone_Material_0
13:33:16 | INFO: Blender create Mesh node polySurface1363_Porsche_911GT3TouringRewardRecycled_2022_CallipersCalliperA_Zone_Material_0
13:33:16 | INFO: Blender create Mesh node polySurface1364_Porsche_911GT3TouringRewardRecycled_2022_CallipersCalliperA_Zone_Material_0
13:33:16 | INFO: Blender create Mesh node polySurface1365_Porsche_911GT3TouringRewardRecycled_2022_CallipersCalliperA_Zone_Material_0
13:33:16 | INFO: Blender create Mesh node polySurface1366_Porsche_911GT3TouringRewardRecycled_2022_CallipersCalliperA_Zone_Material_0
13:33:16 | INFO: Blender create Mesh node polySurface1367_Porsche_911GT3TouringRewardRecycled_2022_CallipersCalliperA_Zone_Material_0
13:33:16 | INFO: Blender create Mesh node polySurface1368_Porsche_911GT3TouringRewardRecycled_2022_CallipersCalliperA_Zone_Material_0
13:33:16 | INFO: Blender create Mesh node polySurface1369_Porsche_911GT3TouringRewardRecycled_2022_CallipersCalliperA_Zone_Material_0
13:33:16 | INFO: Blender create Mesh node polySurface1370_Porsche_911GT3TouringRewardRecycled_2022_CallipersCalliperA_Zone_Material_0
13:33:16 | INFO: Blender create Mesh node polySurface1371_Porsche_911GT3TouringRewardRecycled_2022_CallipersCalliperA_Zone_Material_0
13:33:16 | INFO: Blender create Mesh node polySurface1372_Porsche_911GT3TouringRewardRecycled_2022_CallipersCalliperA_Zone_Material_0
13:33:16 | INFO: Blender create Mesh node polySurface1373_Porsche_911GT3TouringRewardRecycled_2022_CallipersCalliperA_Zone_Material_0
13:33:16 | INFO: Blender create Mesh node polySurface1374_Porsche_911GT3TouringRewardRecycled_2022_CallipersCalliperA_Zone_Material_0
13:33:17 | INFO: Blender create Mesh node polySurface1375_Porsche_911GT3TouringRewardRecycled_2022_CallipersCalliperA_Zone_Material_0
13:33:17 | INFO: Blender create Mesh node polySurface1376_Porsche_911GT3TouringRewardRecycled_2022_CallipersCalliperA_Zone_Material_0
13:33:17 | INFO: Blender create Mesh node polySurface1377_Porsche_911GT3TouringRewardRecycled_2022_CallipersCalliperA_Zone_Material_0
13:33:17 | INFO: Blender create Mesh node polySurface1378_Porsche_911GT3TouringRewardRecycled_2022_CallipersCalliperA_Zone_Material_0
13:33:17 | INFO: Blender create Mesh node polySurface1379_Porsche_911GT3TouringRewardRecycled_2022_CallipersCalliperA_Zone_Material_0
13:33:17 | INFO: Blender create Mesh node polySurface1380_Porsche_911GT3TouringRewardRecycled_2022_CallipersCalliperA_Zone_Material_0
13:33:17 | INFO: Blender create Mesh node polySurface1381_Porsche_911GT3TouringRewardRecycled_2022_CallipersCalliperA_Zone_Material_0
13:33:17 | INFO: Blender create Mesh node polySurface1382_Porsche_911GT3TouringRewardRecycled_2022_CallipersCalliperA_Zone_Material_0
13:33:17 | INFO: Blender create Mesh node polySurface1383_Porsche_911GT3TouringRewardRecycled_2022_CallipersCalliperA_Zone_Material_0
13:33:17 | INFO: Blender create Mesh node polySurface1384_Porsche_911GT3TouringRewardRecycled_2022_CallipersCalliperA_Zone_Material_0
13:33:17 | INFO: Blender create Mesh node polySurface1385_Porsche_911GT3TouringRewardRecycled_2022_CallipersCalliperA_Zone_Material_0
13:33:17 | INFO: Blender create Mesh node polySurface1386_Porsche_911GT3TouringRewardRecycled_2022_CallipersCalliperA_Zone_Material_0
13:33:17 | INFO: Blender create Mesh node polySurface1387_Porsche_911GT3TouringRewardRecycled_2022_CallipersCalliperA_Zone_Material_0
13:33:17 | INFO: Blender create Mesh node polySurface1388_Porsche_911GT3TouringRewardRecycled_2022_CallipersCalliperA_Zone_Material_0
13:33:17 | INFO: Blender create Mesh node polySurface1389_Porsche_911GT3TouringRewardRecycled_2022_CallipersCalliperA_Zone_Material_0
13:33:17 | INFO: Blender create Mesh node polySurface1390_Porsche_911GT3TouringRewardRecycled_2022_CallipersCalliperA_Zone_Material_0
13:33:17 | INFO: Blender create Mesh node polySurface1391_Porsche_911GT3TouringRewardRecycled_2022_CallipersCalliperA_Zone_Material_0
13:33:17 | INFO: Blender create Mesh node polySurface1392_Porsche_911GT3TouringRewardRecycled_2022_CallipersCalliperA_Zone_Material_0
13:33:17 | INFO: Blender create Mesh node polySurface1393_Porsche_911GT3TouringRewardRecycled_2022_CallipersCalliperA_Zone_Material_0
13:33:17 | INFO: Blender create Mesh node polySurface1394_Porsche_911GT3TouringRewardRecycled_2022_CallipersCalliperA_Zone_Material_0
13:33:17 | INFO: Blender create Mesh node polySurface1395_Porsche_911GT3TouringRewardRecycled_2022_CallipersCalliperA_Zone_Material_0
13:33:17 | INFO: Blender create Mesh node polySurface1396_Porsche_911GT3TouringRewardRecycled_2022_CallipersCalliperA_Zone_Material_0
13:33:17 | INFO: Blender create Mesh node polySurface1397_Porsche_911GT3TouringRewardRecycled_2022_CallipersCalliperA_Zone_Material_0
13:33:17 | INFO: Blender create Mesh node polySurface1398_Porsche_911GT3TouringRewardRecycled_2022_CallipersCalliperA_Zone_Material_0
13:33:17 | INFO: Blender create Mesh node polySurface1399_Porsche_911GT3TouringRewardRecycled_2022_CallipersCalliperA_Zone_Material_0
13:33:17 | INFO: Blender create Mesh node polySurface1400_Porsche_911GT3TouringRewardRecycled_2022_CallipersCalliperA_Zone_Material_0
13:33:17 | INFO: Blender create Mesh node polySurface1401_Porsche_911GT3TouringRewardRecycled_2022_CallipersCalliperA_Zone_Material_0
13:33:17 | INFO: Blender create Mesh node polySurface1402_Porsche_911GT3TouringRewardRecycled_2022_CallipersCalliperA_Zone_Material_0
13:33:17 | INFO: Blender create Mesh node polySurface1403_Porsche_911GT3TouringRewardRecycled_2022_CallipersCalliperA_Zone_Material_0
13:33:17 | INFO: Blender create Mesh node polySurface1404_Porsche_911GT3TouringRewardRecycled_2022_CallipersCalliperA_Zone_Material_0
13:33:17 | INFO: Blender create Mesh node polySurface1405_Porsche_911GT3TouringRewardRecycled_2022_CallipersCalliperA_Zone_Material_0
13:33:17 | INFO: Blender create Mesh node polySurface1406_Porsche_911GT3TouringRewardRecycled_2022_CallipersCalliperA_Zone_Material_0
13:33:17 | INFO: Blender create Mesh node polySurface1407_Porsche_911GT3TouringRewardRecycled_2022_CallipersCalliperA_Zone_Material_0
13:33:17 | INFO: Blender create Mesh node polySurface1408_Porsche_911GT3TouringRewardRecycled_2022_CallipersCalliperA_Zone_Material_0
13:33:17 | INFO: Blender create Mesh node polySurface1409_Porsche_911GT3TouringRewardRecycled_2022_CallipersCalliperA_Zone_Material_0
13:33:17 | INFO: Blender create Mesh node polySurface1410_Porsche_911GT3TouringRewardRecycled_2022_CallipersCalliperA_Zone_Material_0
13:33:17 | INFO: Blender create Mesh node polySurface1411_Porsche_911GT3TouringRewardRecycled_2022_CallipersCalliperA_Zone_Material_0
13:33:17 | INFO: Blender create Mesh node polySurface1412_Porsche_911GT3TouringRewardRecycled_2022_CallipersCalliperA_Zone_Material_0
13:33:17 | INFO: Blender create Mesh node polySurface1413_Porsche_911GT3TouringRewardRecycled_2022_CallipersCalliperA_Zone_Material_0
13:33:17 | INFO: Blender create Mesh node polySurface1414_Porsche_911GT3TouringRewardRecycled_2022_CallipersCalliperA_Zone_Material_0
13:33:17 | INFO: Blender create Mesh node polySurface1415_Porsche_911GT3TouringRewardRecycled_2022_CallipersCalliperA_Zone_Material_0
13:33:17 | INFO: Blender create Mesh node polySurface1416_Porsche_911GT3TouringRewardRecycled_2022_CallipersCalliperA_Zone_Material_0
13:33:17 | INFO: Blender create Mesh node polySurface1417_Porsche_911GT3TouringRewardRecycled_2022_CallipersCalliperA_Zone_Material_0
13:33:17 | INFO: Blender create Mesh node polySurface1418_Porsche_911GT3TouringRewardRecycled_2022_CallipersCalliperA_Zone_Material_0
13:33:17 | INFO: Blender create Mesh node polySurface1419_Porsche_911GT3TouringRewardRecycled_2022_CallipersCalliperA_Zone_Material_0
13:33:17 | INFO: Blender create Mesh node polySurface1420_Porsche_911GT3TouringRewardRecycled_2022_CallipersCalliperA_Zone_Material_0
13:33:17 | INFO: Blender create Mesh node polySurface1421_Porsche_911GT3TouringRewardRecycled_2022_CallipersCalliperA_Zone_Material_0
13:33:17 | INFO: Blender create Mesh node polySurface1422_Porsche_911GT3TouringRewardRecycled_2022_CallipersCalliperA_Zone_Material_0
13:33:17 | INFO: Blender create Mesh node polySurface1423_Porsche_911GT3TouringRewardRecycled_2022_CallipersCalliperA_Zone_Material_0
13:33:17 | INFO: Blender create Mesh node polySurface1424_Porsche_911GT3TouringRewardRecycled_2022_CallipersCalliperA_Zone_Material_0
13:33:17 | INFO: Blender create Mesh node polySurface1425_Porsche_911GT3TouringRewardRecycled_2022_CallipersCalliperA_Zone_Material_0
13:33:17 | INFO: Blender create Mesh node polySurface1426_Porsche_911GT3TouringRewardRecycled_2022_CallipersCalliperA_Zone_Material_0
13:33:17 | INFO: Blender create Mesh node polySurface1427_Porsche_911GT3TouringRewardRecycled_2022_CallipersCalliperA_Zone_Material_0
13:33:17 | INFO: Blender create Mesh node polySurface1428_Porsche_911GT3TouringRewardRecycled_2022_CallipersCalliperA_Zone_Material_0
13:33:17 | INFO: Blender create Mesh node polySurface1429_Porsche_911GT3TouringRewardRecycled_2022_CallipersCalliperA_Zone_Material_0
13:33:17 | INFO: Blender create Mesh node polySurface1430_Porsche_911GT3TouringRewardRecycled_2022_CallipersCalliperA_Zone_Material_0
13:33:17 | INFO: Blender create Mesh node polySurface1431_Porsche_911GT3TouringRewardRecycled_2022_CallipersCalliperA_Zone_Material_0
13:33:17 | INFO: Blender create Mesh node polySurface1432_Porsche_911GT3TouringRewardRecycled_2022_CallipersCalliperA_Zone_Material_0
13:33:17 | INFO: Blender create Mesh node polySurface1433_Porsche_911GT3TouringRewardRecycled_2022_CallipersCalliperA_Zone_Material_0
13:33:17 | INFO: Blender create Mesh node polySurface1434_Porsche_911GT3TouringRewardRecycled_2022_CallipersCalliperA_Zone_Material_0
13:33:17 | INFO: Blender create Mesh node polySurface1435_Porsche_911GT3TouringRewardRecycled_2022_CallipersCalliperA_Zone_Material_0
13:33:17 | INFO: Blender create Mesh node polySurface1436_Porsche_911GT3TouringRewardRecycled_2022_CallipersCalliperA_Zone_Material_0
13:33:17 | INFO: Blender create Mesh node polySurface1437_Porsche_911GT3TouringRewardRecycled_2022_CallipersCalliperA_Zone_Material_0
13:33:17 | INFO: Blender create Mesh node polySurface1438_Porsche_911GT3TouringRewardRecycled_2022_CallipersCalliperA_Zone_Material_0
13:33:17 | INFO: Blender create Mesh node polySurface1439_Porsche_911GT3TouringRewardRecycled_2022_CallipersCalliperA_Zone_Material_0
13:33:17 | INFO: Blender create Mesh node polySurface1440_Porsche_911GT3TouringRewardRecycled_2022_CallipersCalliperA_Zone_Material_0
13:33:17 | INFO: Blender create Mesh node polySurface1441_Porsche_911GT3TouringRewardRecycled_2022_CallipersCalliperA_Zone_Material_0
13:33:17 | INFO: Blender create Mesh node polySurface1442_Porsche_911GT3TouringRewardRecycled_2022_CallipersCalliperA_Zone_Material_0
13:33:17 | INFO: Blender create Mesh node polySurface1443_Porsche_911GT3TouringRewardRecycled_2022_CallipersCalliperA_Zone_Material_0
13:33:17 | INFO: Blender create Mesh node polySurface1444_Porsche_911GT3TouringRewardRecycled_2022_CallipersCalliperA_Zone_Material_0
13:33:17 | INFO: Blender create Mesh node polySurface1445_Porsche_911GT3TouringRewardRecycled_2022_CallipersCalliperA_Zone_Material_0
13:33:17 | INFO: Blender create Mesh node polySurface1446_Porsche_911GT3TouringRewardRecycled_2022_CallipersCalliperA_Zone_Material_0
13:33:17 | INFO: Blender create Mesh node polySurface1447_Porsche_911GT3TouringRewardRecycled_2022_CallipersCalliperA_Zone_Material_0
13:33:17 | INFO: Blender create Mesh node polySurface1448_Porsche_911GT3TouringRewardRecycled_2022_CallipersCalliperA_Zone_Material_0
13:33:17 | INFO: Blender create Mesh node polySurface1449_Porsche_911GT3TouringRewardRecycled_2022_CallipersCalliperA_Zone_Material_0
13:33:17 | INFO: Blender create Mesh node polySurface1450_Porsche_911GT3TouringRewardRecycled_2022_CallipersCalliperA_Zone_Material_0
13:33:17 | INFO: Blender create Mesh node polySurface1451_Porsche_911GT3TouringRewardRecycled_2022_CallipersCalliperA_Zone_Material_0
13:33:17 | INFO: Blender create Mesh node polySurface1452_Porsche_911GT3TouringRewardRecycled_2022_CallipersCalliperA_Zone_Material_0
13:33:17 | INFO: Blender create Mesh node polySurface1453_Porsche_911GT3TouringRewardRecycled_2022_CallipersCalliperA_Zone_Material_0
13:33:17 | INFO: Blender create Mesh node polySurface1454_Porsche_911GT3TouringRewardRecycled_2022_CallipersCalliperA_Zone_Material_0
13:33:17 | INFO: Blender create Mesh node polySurface1455_Porsche_911GT3TouringRewardRecycled_2022_CallipersCalliperA_Zone_Material_0
13:33:17 | INFO: Blender create Mesh node polySurface1456_Porsche_911GT3TouringRewardRecycled_2022_CallipersCalliperA_Zone_Material_0
13:33:17 | INFO: Blender create Mesh node polySurface1457_Porsche_911GT3TouringRewardRecycled_2022_CallipersCalliperA_Zone_Material_0
13:33:17 | INFO: Blender create Mesh node polySurface1458_Porsche_911GT3TouringRewardRecycled_2022_CallipersCalliperA_Zone_Material_0
13:33:17 | INFO: Blender create Mesh node polySurface1459_Porsche_911GT3TouringRewardRecycled_2022_CallipersCalliperA_Zone_Material_0
13:33:17 | INFO: Blender create Mesh node polySurface1460_Porsche_911GT3TouringRewardRecycled_2022_CallipersCalliperA_Zone_Material_0
13:33:17 | INFO: Blender create Mesh node polySurface1461_Porsche_911GT3TouringRewardRecycled_2022_CallipersCalliperA_Zone_Material_0
13:33:17 | INFO: Blender create Mesh node polySurface1462_Porsche_911GT3TouringRewardRecycled_2022_CallipersCalliperA_Zone_Material_0
13:33:17 | INFO: Blender create Mesh node polySurface1463_Porsche_911GT3TouringRewardRecycled_2022_CallipersCalliperA_Zone_Material_0
13:33:17 | INFO: Blender create Mesh node polySurface1464_Porsche_911GT3TouringRewardRecycled_2022_CallipersCalliperA_Zone_Material_0
13:33:17 | INFO: Blender create Mesh node polySurface1465_Porsche_911GT3TouringRewardRecycled_2022_CallipersCalliperA_Zone_Material_0
13:33:17 | INFO: Blender create Mesh node polySurface1466_Porsche_911GT3TouringRewardRecycled_2022_CallipersCalliperA_Zone_Material_0
13:33:17 | INFO: Blender create Mesh node polySurface1467_Porsche_911GT3TouringRewardRecycled_2022_CallipersCalliperA_Zone_Material_0
13:33:17 | INFO: Blender create Mesh node polySurface1468_Porsche_911GT3TouringRewardRecycled_2022_CallipersCalliperA_Zone_Material_0
13:33:17 | INFO: Blender create Mesh node polySurface1469_Porsche_911GT3TouringRewardRecycled_2022_CallipersCalliperA_Zone_Material_0
13:33:17 | INFO: Blender create Mesh node polySurface1470_Porsche_911GT3TouringRewardRecycled_2022_CallipersCalliperA_Zone_Material_0
13:33:17 | INFO: Blender create Mesh node polySurface1471_Porsche_911GT3TouringRewardRecycled_2022_CallipersCalliperA_Zone_Material_0
13:33:17 | INFO: Blender create Mesh node polySurface1472_Porsche_911GT3TouringRewardRecycled_2022_CallipersCalliperA_Zone_Material_0
13:33:17 | INFO: Blender create Mesh node polySurface1473_Porsche_911GT3TouringRewardRecycled_2022_CallipersCalliperA_Zone_Material_0
13:33:17 | INFO: Blender create Mesh node polySurface1474_Porsche_911GT3TouringRewardRecycled_2022_CallipersCalliperA_Zone_Material_0
13:33:17 | INFO: Blender create Mesh node polySurface1475_Porsche_911GT3TouringRewardRecycled_2022_CallipersCalliperA_Zone_Material_0
13:33:17 | INFO: Blender create Mesh node polySurface1476_Porsche_911GT3TouringRewardRecycled_2022_CallipersCalliperA_Zone_Material_0
13:33:17 | INFO: Blender create Mesh node polySurface1477_Porsche_911GT3TouringRewardRecycled_2022_CallipersCalliperA_Zone_Material_0
13:33:17 | INFO: Blender create Mesh node polySurface1478_Porsche_911GT3TouringRewardRecycled_2022_CallipersCalliperA_Zone_Material_0
13:33:17 | INFO: Blender create Mesh node polySurface1479_Porsche_911GT3TouringRewardRecycled_2022_CallipersCalliperA_Zone_Material_0
13:33:17 | INFO: Blender create Mesh node polySurface1480_Porsche_911GT3TouringRewardRecycled_2022_CallipersCalliperA_Zone_Material_0
13:33:17 | INFO: Blender create Mesh node polySurface1481_Porsche_911GT3TouringRewardRecycled_2022_CallipersCalliperA_Zone_Material_0
13:33:17 | INFO: Blender create Mesh node polySurface1482_Porsche_911GT3TouringRewardRecycled_2022_CallipersCalliperA_Zone_Material_0
13:33:17 | INFO: Blender create Mesh node polySurface1483_Porsche_911GT3TouringRewardRecycled_2022_CallipersCalliperA_Zone_Material_0
13:33:17 | INFO: Blender create Mesh node polySurface1484_Porsche_911GT3TouringRewardRecycled_2022_CallipersCalliperA_Zone_Material_0
13:33:17 | INFO: Blender create Mesh node polySurface1485_Porsche_911GT3TouringRewardRecycled_2022_CallipersCalliperA_Zone_Material_0
13:33:17 | INFO: Blender create Mesh node polySurface1486_Porsche_911GT3TouringRewardRecycled_2022_CallipersCalliperA_Zone_Material_0
13:33:17 | INFO: Blender create Mesh node polySurface1487_Porsche_911GT3TouringRewardRecycled_2022_CallipersCalliperA_Zone_Material_0
13:33:17 | INFO: Blender create Mesh node polySurface1488_Porsche_911GT3TouringRewardRecycled_2022_CallipersCalliperA_Zone_Material_0
13:33:17 | INFO: Blender create Mesh node polySurface1489_Porsche_911GT3TouringRewardRecycled_2022_CallipersCalliperA_Zone_Material_0
13:33:17 | INFO: Blender create Mesh node polySurface1490_Porsche_911GT3TouringRewardRecycled_2022_CallipersCalliperA_Zone_Material_0
13:33:17 | INFO: Blender create Mesh node polySurface1491_Porsche_911GT3TouringRewardRecycled_2022_CallipersCalliperA_Zone_Material_0
13:33:17 | INFO: Blender create Mesh node polySurface1492_Porsche_911GT3TouringRewardRecycled_2022_CallipersCalliperA_Zone_Material_0
13:33:17 | INFO: Blender create Mesh node polySurface1493_Porsche_911GT3TouringRewardRecycled_2022_CallipersCalliperA_Zone_Material_0
13:33:17 | INFO: Blender create Mesh node polySurface1494_Porsche_911GT3TouringRewardRecycled_2022_CallipersCalliperA_Zone_Material_0
13:33:17 | INFO: Blender create Mesh node polySurface1495_Porsche_911GT3TouringRewardRecycled_2022_CallipersCalliperA_Zone_Material_0
13:33:17 | INFO: Blender create Mesh node polySurface1496_Porsche_911GT3TouringRewardRecycled_2022_CallipersCalliperA_Zone_Material_0
13:33:17 | INFO: Blender create Mesh node polySurface1497_Porsche_911GT3TouringRewardRecycled_2022_CallipersCalliperA_Zone_Material_0
13:33:17 | INFO: Blender create Mesh node polySurface1498_Porsche_911GT3TouringRewardRecycled_2022_CallipersCalliperA_Zone_Material_0
13:33:17 | INFO: Blender create Mesh node polySurface1499_Porsche_911GT3TouringRewardRecycled_2022_CallipersCalliperA_Zone_Material_0
13:33:17 | INFO: Blender create Mesh node polySurface1500_Porsche_911GT3TouringRewardRecycled_2022_CallipersCalliperA_Zone_Material_0
13:33:17 | INFO: Blender create Mesh node polySurface1501_Porsche_911GT3TouringRewardRecycled_2022_CallipersCalliperA_Zone_Material_0
13:33:17 | INFO: Blender create Mesh node polySurface1502_Porsche_911GT3TouringRewardRecycled_2022_CallipersCalliperA_Zone_Material_0
13:33:17 | INFO: Blender create Mesh node polySurface1503_Porsche_911GT3TouringRewardRecycled_2022_CallipersCalliperA_Zone_Material_0
13:33:17 | INFO: Blender create Mesh node polySurface1504_Porsche_911GT3TouringRewardRecycled_2022_CallipersCalliperA_Zone_Material_0
13:33:17 | INFO: Blender create Mesh node polySurface1505_Porsche_911GT3TouringRewardRecycled_2022_CallipersCalliperA_Zone_Material_0
13:33:17 | INFO: Blender create Mesh node polySurface1506_Porsche_911GT3TouringRewardRecycled_2022_CallipersCalliperA_Zone_Material_0
13:33:17 | INFO: Blender create Mesh node polySurface1507_Porsche_911GT3TouringRewardRecycled_2022_CallipersCalliperA_Zone_Material_0
13:33:17 | INFO: Blender create Mesh node polySurface1508_Porsche_911GT3TouringRewardRecycled_2022_CallipersCalliperA_Zone_Material_0
13:33:17 | INFO: Blender create Mesh node polySurface1509_Porsche_911GT3TouringRewardRecycled_2022_CallipersCalliperA_Zone_Material_0
13:33:17 | INFO: Blender create Mesh node polySurface1510_Porsche_911GT3TouringRewardRecycled_2022_CallipersCalliperA_Zone_Material_0
13:33:17 | INFO: Blender create Mesh node polySurface1511_Porsche_911GT3TouringRewardRecycled_2022_CallipersCalliperA_Zone_Material_0
13:33:17 | INFO: Blender create Mesh node polySurface1512_Porsche_911GT3TouringRewardRecycled_2022_CallipersCalliperA_Zone_Material_0
13:33:17 | INFO: Blender create Mesh node polySurface1513_Porsche_911GT3TouringRewardRecycled_2022_CallipersCalliperA_Zone_Material_0
13:33:17 | INFO: Blender create Mesh node polySurface1514_Porsche_911GT3TouringRewardRecycled_2022_CallipersCalliperA_Zone_Material_0
13:33:17 | INFO: Blender create Mesh node polySurface1515_Porsche_911GT3TouringRewardRecycled_2022_CallipersCalliperA_Zone_Material_0
13:33:17 | INFO: Blender create Mesh node polySurface1516_Porsche_911GT3TouringRewardRecycled_2022_CallipersCalliperA_Zone_Material_0
13:33:17 | INFO: Blender create Mesh node polySurface1517_Porsche_911GT3TouringRewardRecycled_2022_CallipersCalliperA_Zone_Material_0
13:33:17 | INFO: Blender create Mesh node polySurface1518_Porsche_911GT3TouringRewardRecycled_2022_CallipersCalliperA_Zone_Material_0
13:33:17 | INFO: Blender create Mesh node polySurface1519_Porsche_911GT3TouringRewardRecycled_2022_CallipersCalliperA_Zone_Material_0
13:33:17 | INFO: Blender create Mesh node polySurface1520_Porsche_911GT3TouringRewardRecycled_2022_CallipersCalliperA_Zone_Material_0
13:33:17 | INFO: Blender create Mesh node polySurface1521_Porsche_911GT3TouringRewardRecycled_2022_CallipersCalliperA_Zone_Material_0
13:33:17 | INFO: Blender create Mesh node polySurface1522_Porsche_911GT3TouringRewardRecycled_2022_CallipersCalliperA_Zone_Material_0
13:33:17 | INFO: Blender create Mesh node polySurface1523_Porsche_911GT3TouringRewardRecycled_2022_CallipersCalliperA_Zone_Material_0
13:33:17 | INFO: Blender create Mesh node polySurface1524_Porsche_911GT3TouringRewardRecycled_2022_CallipersCalliperA_Zone_Material_0
13:33:17 | INFO: Blender create Mesh node polySurface1525_Porsche_911GT3TouringRewardRecycled_2022_CallipersCalliperA_Zone_Material_0
13:33:17 | INFO: Blender create Mesh node polySurface1526_Porsche_911GT3TouringRewardRecycled_2022_CallipersCalliperA_Zone_Material_0
13:33:17 | INFO: Blender create Mesh node polySurface1527_Porsche_911GT3TouringRewardRecycled_2022_CallipersCalliperA_Zone_Material_0
13:33:17 | INFO: Blender create Mesh node polySurface1528_Porsche_911GT3TouringRewardRecycled_2022_CallipersCalliperA_Zone_Material_0
13:33:17 | INFO: Blender create Mesh node polySurface1529_Porsche_911GT3TouringRewardRecycled_2022_CallipersCalliperA_Zone_Material_0
13:33:17 | INFO: Blender create Mesh node polySurface1530_Porsche_911GT3TouringRewardRecycled_2022_CallipersCalliperA_Zone_Material_0
13:33:17 | INFO: Blender create Mesh node polySurface1531_Porsche_911GT3TouringRewardRecycled_2022_CallipersCalliperA_Zone_Material_0
13:33:17 | INFO: Blender create Mesh node polySurface1532_Porsche_911GT3TouringRewardRecycled_2022_CallipersCalliperA_Zone_Material_0
13:33:17 | INFO: Blender create Mesh node polySurface1533_Porsche_911GT3TouringRewardRecycled_2022_CallipersCalliperA_Zone_Material_0
13:33:17 | INFO: Blender create Mesh node polySurface1534_Porsche_911GT3TouringRewardRecycled_2022_CallipersCalliperA_Zone_Material_0
13:33:17 | INFO: Blender create Mesh node polySurface1535_Porsche_911GT3TouringRewardRecycled_2022_CallipersCalliperA_Zone_Material_0
13:33:17 | INFO: Blender create Mesh node polySurface1536_Porsche_911GT3TouringRewardRecycled_2022_CallipersCalliperA_Zone_Material_0
13:33:17 | INFO: Blender create Mesh node polySurface1537_Porsche_911GT3TouringRewardRecycled_2022_CallipersCalliperA_Zone_Material_0
13:33:17 | INFO: Blender create Mesh node polySurface1538_Porsche_911GT3TouringRewardRecycled_2022_CallipersCalliperA_Zone_Material_0
13:33:17 | INFO: Blender create Mesh node polySurface1539_Porsche_911GT3TouringRewardRecycled_2022_CallipersCalliperA_Zone_Material_0
13:33:17 | INFO: Blender create Mesh node polySurface1540_Porsche_911GT3TouringRewardRecycled_2022_CallipersCalliperA_Zone_Material_0
13:33:17 | INFO: Blender create Mesh node polySurface1541_Porsche_911GT3TouringRewardRecycled_2022_CallipersCalliperA_Zone_Material_0
13:33:17 | INFO: Blender create Mesh node polySurface1542_Porsche_911GT3TouringRewardRecycled_2022_CallipersCalliperA_Zone_Material_0
13:33:17 | INFO: Blender create Mesh node polySurface1543_Porsche_911GT3TouringRewardRecycled_2022_CallipersCalliperA_Zone_Material_0
13:33:17 | INFO: Blender create Mesh node polySurface1544_Porsche_911GT3TouringRewardRecycled_2022_CallipersCalliperA_Zone_Material_0
13:33:17 | INFO: Blender create Mesh node polySurface1545_Porsche_911GT3TouringRewardRecycled_2022_CallipersCalliperA_Zone_Material_0
13:33:17 | INFO: Blender create Mesh node polySurface1546_Porsche_911GT3TouringRewardRecycled_2022_CallipersCalliperA_Zone_Material_0
13:33:17 | INFO: Blender create Mesh node polySurface1547_Porsche_911GT3TouringRewardRecycled_2022_CallipersCalliperA_Zone_Material_0
13:33:17 | INFO: Blender create Mesh node polySurface1548_Porsche_911GT3TouringRewardRecycled_2022_CallipersCalliperA_Zone_Material_0
13:33:17 | INFO: Blender create Mesh node polySurface1549_Porsche_911GT3TouringRewardRecycled_2022_CallipersCalliperA_Zone_Material_0
13:33:17 | INFO: Blender create Mesh node polySurface1550_Porsche_911GT3TouringRewardRecycled_2022_CallipersCalliperA_Zone_Material_0
13:33:17 | INFO: Blender create Mesh node polySurface1551_Porsche_911GT3TouringRewardRecycled_2022_CallipersCalliperA_Zone_Material_0
13:33:17 | INFO: Blender create Mesh node polySurface1552_Porsche_911GT3TouringRewardRecycled_2022_CallipersCalliperA_Zone_Material_0
13:33:17 | INFO: Blender create Mesh node polySurface1553_Porsche_911GT3TouringRewardRecycled_2022_CallipersCalliperA_Zone_Material_0
13:33:17 | INFO: Blender create Mesh node polySurface1554_Porsche_911GT3TouringRewardRecycled_2022_CallipersCalliperA_Zone_Material_0
13:33:17 | INFO: Blender create Mesh node polySurface1555_Porsche_911GT3TouringRewardRecycled_2022_CallipersCalliperA_Zone_Material_0
13:33:17 | INFO: Blender create Mesh node polySurface1556_Porsche_911GT3TouringRewardRecycled_2022_CallipersCalliperA_Zone_Material_0
13:33:17 | INFO: Blender create Mesh node polySurface1557_Porsche_911GT3TouringRewardRecycled_2022_CallipersCalliperA_Zone_Material_0
13:33:17 | INFO: Blender create Mesh node polySurface1558_Porsche_911GT3TouringRewardRecycled_2022_CallipersCalliperA_Zone_Material_0
13:33:17 | INFO: Blender create Mesh node polySurface1559_Porsche_911GT3TouringRewardRecycled_2022_CallipersCalliperA_Zone_Material_0
13:33:17 | INFO: Blender create Mesh node polySurface1560_Porsche_911GT3TouringRewardRecycled_2022_CallipersCalliperA_Zone_Material_0
13:33:17 | INFO: Blender create Mesh node polySurface1561_Porsche_911GT3TouringRewardRecycled_2022_CallipersCalliperA_Zone_Material_0
13:33:17 | INFO: Blender create Mesh node polySurface1562_Porsche_911GT3TouringRewardRecycled_2022_CallipersCalliperA_Zone_Material_0
13:33:17 | INFO: Blender create Mesh node polySurface1563_Porsche_911GT3TouringRewardRecycled_2022_CallipersCalliperA_Zone_Material_0
13:33:17 | INFO: Blender create Mesh node polySurface1564_Porsche_911GT3TouringRewardRecycled_2022_CallipersCalliperA_Zone_Material_0
13:33:17 | INFO: Blender create Mesh node polySurface1565_Porsche_911GT3TouringRewardRecycled_2022_CallipersCalliperA_Zone_Material_0
13:33:17 | INFO: Blender create Mesh node polySurface1566_Porsche_911GT3TouringRewardRecycled_2022_CallipersCalliperA_Zone_Material_0
13:33:17 | INFO: Blender create Mesh node polySurface1567_Porsche_911GT3TouringRewardRecycled_2022_CallipersCalliperA_Zone_Material_0
13:33:17 | INFO: Blender create Mesh node polySurface1568_Porsche_911GT3TouringRewardRecycled_2022_CallipersCalliperA_Zone_Material_0
13:33:17 | INFO: Blender create Mesh node polySurface1569_Porsche_911GT3TouringRewardRecycled_2022_CallipersCalliperA_Zone_Material_0
13:33:17 | INFO: Blender create Mesh node polySurface1570_Porsche_911GT3TouringRewardRecycled_2022_CallipersCalliperA_Zone_Material_0
13:33:17 | INFO: Blender create Mesh node polySurface1571_Porsche_911GT3TouringRewardRecycled_2022_CallipersCalliperA_Zone_Material_0
13:33:17 | INFO: Blender create Mesh node polySurface1572_Porsche_911GT3TouringRewardRecycled_2022_CallipersCalliperA_Zone_Material_0
13:33:17 | INFO: Blender create Mesh node polySurface1573_Porsche_911GT3TouringRewardRecycled_2022_CallipersCalliperA_Zone_Material_0
13:33:17 | INFO: Blender create Mesh node polySurface1574_Porsche_911GT3TouringRewardRecycled_2022_CallipersCalliperA_Zone_Material_0
13:33:17 | INFO: Blender create Mesh node polySurface1575_Porsche_911GT3TouringRewardRecycled_2022_CallipersCalliperA_Zone_Material_0
13:33:17 | INFO: Blender create Mesh node polySurface1576_Porsche_911GT3TouringRewardRecycled_2022_CallipersCalliperA_Zone_Material_0
13:33:17 | INFO: Blender create Mesh node polySurface1577_Porsche_911GT3TouringRewardRecycled_2022_CallipersCalliperA_Zone_Material_0
13:33:17 | INFO: Blender create Mesh node polySurface1578_Porsche_911GT3TouringRewardRecycled_2022_CallipersCalliperA_Zone_Material_0
13:33:17 | INFO: Blender create Mesh node polySurface1579_Porsche_911GT3TouringRewardRecycled_2022_CallipersCalliperA_Zone_Material_0
13:33:17 | INFO: Blender create Mesh node polySurface1580_Porsche_911GT3TouringRewardRecycled_2022_CallipersCalliperA_Zone_Material_0
13:33:17 | INFO: Blender create Mesh node polySurface1581_Porsche_911GT3TouringRewardRecycled_2022_CallipersCalliperA_Zone_Material_0
13:33:17 | INFO: Blender create Mesh node polySurface1582_Porsche_911GT3TouringRewardRecycled_2022_CallipersCalliperA_Zone_Material_0
13:33:17 | INFO: Blender create Mesh node polySurface1583_Porsche_911GT3TouringRewardRecycled_2022_CallipersCalliperA_Zone_Material_0
13:33:17 | INFO: Blender create Mesh node polySurface1584_Porsche_911GT3TouringRewardRecycled_2022_CallipersCalliperA_Zone_Material_0
13:33:17 | INFO: Blender create Mesh node polySurface1585_Porsche_911GT3TouringRewardRecycled_2022_CallipersCalliperA_Zone_Material_0
13:33:17 | INFO: Blender create Mesh node polySurface1586_Porsche_911GT3TouringRewardRecycled_2022_CallipersCalliperA_Zone_Material_0
13:33:17 | INFO: Blender create Mesh node polySurface1587_Porsche_911GT3TouringRewardRecycled_2022_CallipersCalliperA_Zone_Material_0
13:33:17 | INFO: Blender create Mesh node polySurface1588_Porsche_911GT3TouringRewardRecycled_2022_CallipersCalliperA_Zone_Material_0
13:33:17 | INFO: Blender create Mesh node polySurface1589_Porsche_911GT3TouringRewardRecycled_2022_CallipersCalliperA_Zone_Material_0
13:33:17 | INFO: Blender create Mesh node polySurface1590_Porsche_911GT3TouringRewardRecycled_2022_CallipersCalliperA_Zone_Material_0
13:33:17 | INFO: Blender create Mesh node polySurface1591_Porsche_911GT3TouringRewardRecycled_2022_CallipersCalliperA_Zone_Material_0
13:33:17 | INFO: Blender create Mesh node polySurface1592_Porsche_911GT3TouringRewardRecycled_2022_CallipersCalliperA_Zone_Material_0
13:33:17 | INFO: Blender create Mesh node polySurface1593_Porsche_911GT3TouringRewardRecycled_2022_CallipersCalliperA_Zone_Material_0
13:33:17 | INFO: Blender create Mesh node polySurface1594_Porsche_911GT3TouringRewardRecycled_2022_CallipersCalliperA_Zone_Material_0
13:33:17 | INFO: Blender create Mesh node polySurface1595_Porsche_911GT3TouringRewardRecycled_2022_CallipersCalliperA_Zone_Material_0
13:33:17 | INFO: Blender create Mesh node polySurface1596_Porsche_911GT3TouringRewardRecycled_2022_CallipersCalliperA_Zone_Material_0
13:33:17 | INFO: Blender create Mesh node polySurface1597_Porsche_911GT3TouringRewardRecycled_2022_CallipersCalliperA_Zone_Material_0
13:33:17 | INFO: Blender create Mesh node polySurface1598_Porsche_911GT3TouringRewardRecycled_2022_CallipersCalliperA_Zone_Material_0
13:33:17 | INFO: Blender create Mesh node polySurface1599_Porsche_911GT3TouringRewardRecycled_2022_CallipersCalliperA_Zone_Material_0
13:33:17 | INFO: Blender create Mesh node polySurface1600_Porsche_911GT3TouringRewardRecycled_2022_CallipersCalliperA_Zone_Material_0
13:33:18 | INFO: Blender create Mesh node polySurface1601_Porsche_911GT3TouringRewardRecycled_2022_CallipersCalliperA_Zone_Material_0
13:33:18 | INFO: Blender create Mesh node polySurface1602_Porsche_911GT3TouringRewardRecycled_2022_CallipersCalliperA_Zone_Material_0
13:33:18 | INFO: Blender create Mesh node polySurface1603_Porsche_911GT3TouringRewardRecycled_2022_CallipersCalliperA_Zone_Material_0
13:33:18 | INFO: Blender create Mesh node polySurface1604_Porsche_911GT3TouringRewardRecycled_2022_CallipersCalliperA_Zone_Material_0
13:33:18 | INFO: Blender create Mesh node polySurface1605_Porsche_911GT3TouringRewardRecycled_2022_CallipersCalliperA_Zone_Material_0
13:33:18 | INFO: Blender create Mesh node polySurface1606_Porsche_911GT3TouringRewardRecycled_2022_CallipersCalliperA_Zone_Material_0
13:33:18 | INFO: Blender create Mesh node polySurface1607_Porsche_911GT3TouringRewardRecycled_2022_CallipersCalliperA_Zone_Material_0
13:33:18 | INFO: Blender create Mesh node polySurface1608_Porsche_911GT3TouringRewardRecycled_2022_CallipersCalliperA_Zone_Material_0
13:33:18 | INFO: Blender create Mesh node polySurface1609_Porsche_911GT3TouringRewardRecycled_2022_CallipersCalliperA_Zone_Material_0
13:33:18 | INFO: Blender create Mesh node polySurface1610_Porsche_911GT3TouringRewardRecycled_2022_CallipersCalliperA_Zone_Material_0
13:33:18 | INFO: Blender create Mesh node polySurface1611_Porsche_911GT3TouringRewardRecycled_2022_CallipersCalliperA_Zone_Material_0
13:33:18 | INFO: Blender create Mesh node polySurface1612_Porsche_911GT3TouringRewardRecycled_2022_CallipersCalliperA_Zone_Material_0
13:33:18 | INFO: Blender create Mesh node polySurface1613_Porsche_911GT3TouringRewardRecycled_2022_CallipersCalliperA_Zone_Material_0
13:33:18 | INFO: Blender create Mesh node polySurface1614_Porsche_911GT3TouringRewardRecycled_2022_CallipersCalliperA_Zone_Material_0
13:33:18 | INFO: Blender create Mesh node polySurface1615_Porsche_911GT3TouringRewardRecycled_2022_CallipersCalliperA_Zone_Material_0
13:33:18 | INFO: Blender create Mesh node polySurface1616_Porsche_911GT3TouringRewardRecycled_2022_CallipersCalliperA_Zone_Material_0
13:33:18 | INFO: Blender create Mesh node polySurface1617_Porsche_911GT3TouringRewardRecycled_2022_CallipersCalliperA_Zone_Material_0
13:33:18 | INFO: Blender create Mesh node polySurface1618_Porsche_911GT3TouringRewardRecycled_2022_CallipersCalliperA_Zone_Material_0
13:33:18 | INFO: Blender create Mesh node polySurface1619_Porsche_911GT3TouringRewardRecycled_2022_CallipersCalliperA_Zone_Material_0
13:33:18 | INFO: Blender create Mesh node polySurface1620_Porsche_911GT3TouringRewardRecycled_2022_CallipersCalliperA_Zone_Material_0
13:33:18 | INFO: Blender create Mesh node polySurface1621_Porsche_911GT3TouringRewardRecycled_2022_CallipersCalliperA_Zone_Material_0
13:33:18 | INFO: Blender create Mesh node polySurface1622_Porsche_911GT3TouringRewardRecycled_2022_CallipersCalliperA_Zone_Material_0
13:33:18 | INFO: Blender create Mesh node polySurface1623_Porsche_911GT3TouringRewardRecycled_2022_CallipersCalliperA_Zone_Material_0
13:33:18 | INFO: Blender create Mesh node polySurface1624_Porsche_911GT3TouringRewardRecycled_2022_CallipersCalliperA_Zone_Material_0
13:33:18 | INFO: Blender create Mesh node polySurface1625_Porsche_911GT3TouringRewardRecycled_2022_CallipersCalliperA_Zone_Material_0
13:33:18 | INFO: Blender create Mesh node polySurface1626_Porsche_911GT3TouringRewardRecycled_2022_CallipersCalliperA_Zone_Material_0
13:33:18 | INFO: Blender create Mesh node polySurface1627_Porsche_911GT3TouringRewardRecycled_2022_CallipersCalliperA_Zone_Material_0
13:33:18 | INFO: Blender create Mesh node polySurface1628_Porsche_911GT3TouringRewardRecycled_2022_CallipersCalliperA_Zone_Material_0
13:33:18 | INFO: Blender create Mesh node polySurface1629_Porsche_911GT3TouringRewardRecycled_2022_CallipersCalliperA_Zone_Material_0
13:33:18 | INFO: Blender create Mesh node polySurface1630_Porsche_911GT3TouringRewardRecycled_2022_CallipersCalliperA_Zone_Material_0
13:33:18 | INFO: Blender create Mesh node polySurface1631_Porsche_911GT3TouringRewardRecycled_2022_CallipersCalliperA_Zone_Material_0
13:33:18 | INFO: Blender create Mesh node polySurface1632_Porsche_911GT3TouringRewardRecycled_2022_CallipersCalliperA_Zone_Material_0
13:33:18 | INFO: Blender create Mesh node polySurface1633_Porsche_911GT3TouringRewardRecycled_2022_CallipersCalliperA_Zone_Material_0
13:33:18 | INFO: Blender create Mesh node polySurface1634_Porsche_911GT3TouringRewardRecycled_2022_CallipersCalliperA_Zone_Material_0
13:33:18 | INFO: Blender create Mesh node polySurface1635_Porsche_911GT3TouringRewardRecycled_2022_CallipersCalliperA_Zone_Material_0
13:33:18 | INFO: Blender create Mesh node polySurface1636_Porsche_911GT3TouringRewardRecycled_2022_CallipersCalliperA_Zone_Material_0
13:33:18 | INFO: Blender create Mesh node polySurface1637_Porsche_911GT3TouringRewardRecycled_2022_CallipersCalliperA_Zone_Material_0
13:33:18 | INFO: Blender create Mesh node polySurface1638_Porsche_911GT3TouringRewardRecycled_2022_CallipersCalliperA_Zone_Material_0
13:33:18 | INFO: Blender create Mesh node polySurface1639_Porsche_911GT3TouringRewardRecycled_2022_CallipersCalliperA_Zone_Material_0
13:33:18 | INFO: Blender create Mesh node polySurface1640_Porsche_911GT3TouringRewardRecycled_2022_CallipersCalliperA_Zone_Material_0
13:33:18 | INFO: Blender create Mesh node polySurface1641_Porsche_911GT3TouringRewardRecycled_2022_CallipersCalliperA_Zone_Material_0
13:33:18 | INFO: Blender create Mesh node polySurface1642_Porsche_911GT3TouringRewardRecycled_2022_CallipersCalliperA_Zone_Material_0
13:33:18 | INFO: Blender create Mesh node polySurface1643_Porsche_911GT3TouringRewardRecycled_2022_CallipersCalliperA_Zone_Material_0
13:33:18 | INFO: Blender create Mesh node polySurface1644_Porsche_911GT3TouringRewardRecycled_2022_CallipersCalliperA_Zone_Material_0
13:33:18 | INFO: glTF import finished in 6.55s
✓ Imported 3337 objects

[3/5] Centering car...
✓ Car scaled 98.47x to 4.5m (was 0.05m)
✓ Car centered (final dims: 2.00 x 4.50 x 1.27)

[4/5] Applying paint override...
DEBUG: Starting paint override for 3337 objects
/Users/temiagunloye/Desktop/carguy-app/scripts/blender/render_from_json.py:303: DeprecationWarning: 'Material.use_nodes' is expected to be removed in Blender 6.0
  paint_mat.use_nodes = True
DEBUG: Finding body panels...
✓ Gemini automotive clearcoat paint applied (520 materials)
